litholog_id,strike_pos_m,depth_m,facies_code,facies_name,gamma_ray
litholog1,0.0,0.0,4,mud,102.70579753425349
litholog1,0.0,1.0,4,mud,102.87613136103454
litholog1,0.0,2.0,4,mud,106.570386119349
litholog1,0.0,3.0,4,mud,103.7711924999355
litholog1,0.0,4.0,4,mud,109.76026826569945
litholog1,0.0,5.0,0,coal,21.523585398772155
litholog1,0.0,6.0,4,mud,93.74111354690477
litholog1,0.0,7.0,4,mud,100.86647476541553
litholog1,0.0,8.0,4,mud,101.08791833019276
litholog1,0.0,9.0,0,coal,14.800079468797522
litholog1,0.0,10.0,4,mud,93.39821993806927
litholog1,0.0,11.0,4,mud,100.18180777815599
litholog1,0.0,12.0,0,coal,23.752255979032284
litholog1,0.0,13.0,0,coal,24.702823581956068
litholog1,0.0,14.0,4,mud,100.42421942077037
litholog1,0.0,15.0,4,mud,103.99447672740585
litholog1,0.0,16.0,4,mud,110.56482945830132
litholog1,0.0,17.0,0,coal,10.244824056730819
litholog1,0.0,18.0,0,coal,13.48910246568841
litholog1,0.0,19.0,1,sand,38.079897112877475
litholog1,0.0,20.0,1,sand,40.64486146360446
litholog1,0.0,21.0,4,mud,103.7746967440465
litholog1,0.0,22.0,4,mud,99.84593139864423
litholog1,0.0,23.0,4,mud,104.71522729393236
litholog1,0.0,24.0,4,mud,110.24586810720675
litholog1,0.0,25.0,4,mud,100.12020591942547
litholog1,0.0,26.0,4,mud,100.44712558039275
litholog1,0.0,27.0,4,mud,107.79274479637112
litholog1,0.0,28.0,4,mud,103.892319421346
litholog1,0.0,29.0,4,mud,108.23742345354736
litholog1,0.0,30.0,4,mud,104.93176604102352
litholog1,0.0,31.0,4,mud,108.50831824044784
litholog1,0.0,32.0,4,mud,99.8246094297968
litholog1,0.0,33.0,4,mud,104.93957674605866
litholog1,0.0,34.0,4,mud,103.94654992818421
litholog1,0.0,35.0,4,mud,98.92054537947935
litholog1,0.0,36.0,4,mud,97.18261026065656
litholog1,0.0,37.0,4,mud,108.42874517637331
litholog1,0.0,38.0,2,carbon_mud,126.1025880163729
litholog1,0.0,39.0,2,carbon_mud,132.15150679478776
litholog1,0.0,40.0,1,sand,34.430262711725625
litholog1,0.0,41.0,1,sand,30.79921761518736
litholog1,0.0,42.0,1,sand,30.877593921543802
litholog1,0.0,43.0,1,sand,38.252963939123504
litholog1,0.0,44.0,1,sand,38.71627085601721
litholog1,0.0,45.0,1,sand,37.71577134152597
litholog1,0.0,46.0,1,sand,31.672451463556527
litholog1,0.0,47.0,1,sand,36.1608066153336
litholog1,0.0,48.0,1,sand,35.58342904570364
litholog1,0.0,49.0,4,mud,103.24523808891011
litholog1,0.0,50.0,4,mud,99.88859859176335
litholog1,0.0,51.0,4,mud,104.51910531538334
litholog1,0.0,52.0,4,mud,110.64009428674652
litholog1,0.0,53.0,4,mud,93.59631077314039
litholog1,0.0,54.0,4,mud,97.51680655048337
litholog1,0.0,55.0,4,mud,100.38556779052367
litholog1,0.0,56.0,4,mud,112.30589433360164
litholog1,0.0,57.0,4,mud,106.41293491459648
litholog1,0.0,58.0,0,coal,20.639202015836428
litholog1,0.0,59.0,4,mud,108.83658620230614
litholog1,0.0,60.0,1,sand,36.09344298364506
litholog1,0.0,61.0,1,sand,39.35714388974095
litholog1,0.0,62.0,1,sand,36.11797774387341
litholog1,0.0,63.0,1,sand,38.39456781535947
litholog1,0.0,64.0,1,sand,35.33789534744446
litholog1,0.0,65.0,1,sand,36.44559699344992
litholog1,0.0,66.0,1,sand,38.1564411291927
litholog1,0.0,67.0,1,sand,27.714220900721667
litholog1,0.0,68.0,1,sand,33.401643918213495
litholog1,0.0,69.0,1,sand,32.648136728536024
litholog1,0.0,70.0,1,sand,31.80561075878329
litholog1,0.0,71.0,1,sand,33.62428874386658
litholog1,0.0,72.0,1,sand,42.47470655617198
litholog1,0.0,73.0,4,mud,99.29919540436885
litholog1,0.0,74.0,4,mud,99.40232062364737
litholog1,0.0,75.0,4,mud,107.23906858361356
litholog1,0.0,76.0,4,mud,105.29137165467723
litholog1,0.0,77.0,4,mud,107.74369409432063
litholog1,0.0,78.0,4,mud,104.06164504535774
litholog1,0.0,79.0,4,mud,106.39071863227313
litholog1,0.0,80.0,2,carbon_mud,125.74231405407116
litholog1,0.0,81.0,0,coal,18.41878703828209
litholog1,0.0,82.0,1,sand,30.670844421533783
litholog1,0.0,83.0,1,sand,39.84139177295741
litholog1,0.0,84.0,1,sand,26.585651141920977
litholog1,0.0,85.0,1,sand,33.32557485007113
litholog1,0.0,86.0,1,sand,35.813765325525026
litholog1,0.0,87.0,1,sand,37.93111165679639
litholog1,0.0,88.0,1,sand,38.55613289896427
litholog1,0.0,89.0,1,sand,38.96673617599963
litholog1,0.0,90.0,1,sand,33.25637463875781
litholog1,0.0,91.0,1,sand,32.68824103667716
litholog1,0.0,92.0,1,sand,39.28987940628577
litholog10,900.0,0.0,4,mud,105.79059542452555
litholog10,900.0,1.0,4,mud,108.88883694542463
litholog10,900.0,2.0,4,mud,109.03504140972235
litholog10,900.0,3.0,4,mud,96.90064002804115
litholog10,900.0,4.0,1,sand,34.043478375591924
litholog10,900.0,5.0,1,sand,28.62156838331039
litholog10,900.0,6.0,1,sand,29.333563929982596
litholog10,900.0,7.0,1,sand,30.402738569991943
litholog10,900.0,8.0,1,sand,37.48580372026882
litholog10,900.0,9.0,4,mud,93.76365722329572
litholog10,900.0,10.0,4,mud,110.00872698825754
litholog10,900.0,11.0,4,mud,110.93862546630969
litholog10,900.0,12.0,4,mud,99.89688490243331
litholog10,900.0,13.0,2,carbon_mud,133.32792618156714
litholog10,900.0,14.0,2,carbon_mud,135.42643502222955
litholog10,900.0,15.0,2,carbon_mud,131.83265703618616
litholog10,900.0,16.0,1,sand,35.712128680352826
litholog10,900.0,17.0,1,sand,38.45242677033884
litholog10,900.0,18.0,1,sand,32.86373676831733
litholog10,900.0,19.0,1,sand,35.79269845538357
litholog10,900.0,20.0,1,sand,38.12795196983669
litholog10,900.0,21.0,1,sand,33.45326730139881
litholog10,900.0,22.0,1,sand,37.28387618778706
litholog10,900.0,23.0,1,sand,31.690370294666742
litholog10,900.0,24.0,1,sand,33.18473076717464
litholog10,900.0,25.0,1,sand,33.09131053000836
litholog10,900.0,26.0,4,mud,95.70082296727186
litholog10,900.0,27.0,4,mud,105.495174105036
litholog10,900.0,28.0,3,silt,72.70565805402266
litholog10,900.0,29.0,3,silt,73.81463241168468
litholog10,900.0,30.0,3,silt,72.24049681968101
litholog10,900.0,31.0,3,silt,61.57201341307596
litholog10,900.0,32.0,3,silt,72.69017219964125
litholog10,900.0,33.0,3,silt,64.82845974162801
litholog10,900.0,34.0,2,carbon_mud,128.56875633222154
litholog10,900.0,35.0,2,carbon_mud,132.2698278965435
litholog10,900.0,36.0,2,carbon_mud,128.45663472226795
litholog10,900.0,37.0,2,carbon_mud,134.67773562732575
litholog10,900.0,38.0,2,carbon_mud,120.84296957892438
litholog10,900.0,39.0,2,carbon_mud,128.32196315940678
litholog10,900.0,40.0,2,carbon_mud,120.04594002438002
litholog10,900.0,41.0,1,sand,29.020801772054803
litholog10,900.0,42.0,1,sand,37.43486240392791
litholog10,900.0,43.0,1,sand,32.65298829898638
litholog10,900.0,44.0,1,sand,35.06247059363844
litholog10,900.0,45.0,4,mud,109.65419113175264
litholog10,900.0,46.0,4,mud,113.98797261217157
litholog10,900.0,47.0,4,mud,107.58148786050725
litholog10,900.0,48.0,3,silt,71.17638055794131
litholog10,900.0,49.0,3,silt,62.881327823004696
litholog10,900.0,50.0,4,mud,103.14141651707152
litholog10,900.0,51.0,4,mud,100.53434689207569
litholog10,900.0,52.0,3,silt,72.23161073771531
litholog10,900.0,53.0,3,silt,65.96700547846314
litholog10,900.0,54.0,4,mud,105.05725645835327
litholog10,900.0,55.0,4,mud,103.50367648057372
litholog10,900.0,56.0,4,mud,99.92466047135592
litholog10,900.0,57.0,3,silt,63.58682674869739
litholog10,900.0,58.0,1,sand,37.403733294529545
litholog10,900.0,59.0,1,sand,37.23265588014972
litholog10,900.0,60.0,1,sand,38.32692554486393
litholog10,900.0,61.0,1,sand,34.50757257745288
litholog10,900.0,62.0,1,sand,32.883508439779234
litholog10,900.0,63.0,4,mud,115.24377825431644
litholog10,900.0,64.0,4,mud,113.92584201036065
litholog10,900.0,65.0,4,mud,110.68024341777715
litholog10,900.0,66.0,4,mud,100.39574801095436
litholog10,900.0,67.0,4,mud,109.2750966214864
litholog10,900.0,68.0,4,mud,108.19813204748951
litholog10,900.0,69.0,4,mud,107.21272812102026
litholog10,900.0,70.0,4,mud,111.24832633521889
litholog10,900.0,71.0,3,silt,73.569100682412
litholog10,900.0,72.0,4,mud,108.17685571430638
litholog10,900.0,73.0,4,mud,108.70007118152168
litholog10,900.0,74.0,4,mud,108.18453141686105
litholog10,900.0,75.0,4,mud,106.70395704001054
litholog10,900.0,76.0,4,mud,96.08194435142909
litholog11,1000.0,0.0,4,mud,105.41810538705279
litholog11,1000.0,1.0,4,mud,102.21904020575437
litholog11,1000.0,2.0,4,mud,98.60079521179989
litholog11,1000.0,3.0,4,mud,113.40908309650412
litholog11,1000.0,4.0,4,mud,113.64497670442852
litholog11,1000.0,5.0,2,carbon_mud,122.52469584886397
litholog11,1000.0,6.0,2,carbon_mud,136.81931114906953
litholog11,1000.0,7.0,2,carbon_mud,134.47592490985843
litholog11,1000.0,8.0,1,sand,34.601408945468
litholog11,1000.0,9.0,1,sand,26.56332783020985
litholog11,1000.0,10.0,1,sand,27.764437637884562
litholog11,1000.0,11.0,3,silt,71.20822260838375
litholog11,1000.0,12.0,3,silt,66.93011599303551
litholog11,1000.0,13.0,1,sand,28.386501938227987
litholog11,1000.0,14.0,1,sand,30.013765861992592
litholog11,1000.0,15.0,1,sand,36.998871133617186
litholog11,1000.0,16.0,1,sand,30.472604723199694
litholog11,1000.0,17.0,1,sand,33.109187229803055
litholog11,1000.0,18.0,1,sand,41.49614148893033
litholog11,1000.0,19.0,1,sand,33.21868014469287
litholog11,1000.0,20.0,1,sand,38.68757784233543
litholog11,1000.0,21.0,1,sand,30.331911599950615
litholog11,1000.0,22.0,1,sand,33.97281221066185
litholog11,1000.0,23.0,1,sand,30.249889725447094
litholog11,1000.0,24.0,1,sand,33.30483462049719
litholog11,1000.0,25.0,1,sand,39.20154068728698
litholog11,1000.0,26.0,1,sand,26.363397884038257
litholog11,1000.0,27.0,1,sand,37.172118217729285
litholog11,1000.0,28.0,1,sand,36.18867801166139
litholog11,1000.0,29.0,1,sand,32.02925022151603
litholog11,1000.0,30.0,1,sand,27.769710728057728
litholog11,1000.0,31.0,1,sand,35.360647538569346
litholog11,1000.0,32.0,4,mud,111.79610300147806
litholog11,1000.0,33.0,4,mud,106.27606708427938
litholog11,1000.0,34.0,4,mud,111.75312560476328
litholog11,1000.0,35.0,2,carbon_mud,126.40259883357605
litholog11,1000.0,36.0,2,carbon_mud,122.48748271979551
litholog11,1000.0,37.0,2,carbon_mud,115.17735581079174
litholog11,1000.0,38.0,2,carbon_mud,127.28252246033682
litholog11,1000.0,39.0,2,carbon_mud,142.102075061237
litholog11,1000.0,40.0,2,carbon_mud,132.17442135731824
litholog11,1000.0,41.0,2,carbon_mud,127.20213856975255
litholog11,1000.0,42.0,0,coal,19.915994212478555
litholog11,1000.0,43.0,0,coal,15.7347803621321
litholog11,1000.0,44.0,1,sand,32.35253645468099
litholog11,1000.0,45.0,1,sand,36.16338105677352
litholog11,1000.0,46.0,1,sand,35.10926072761721
litholog11,1000.0,47.0,1,sand,43.00889445660458
litholog11,1000.0,48.0,1,sand,33.80322186263488
litholog11,1000.0,49.0,1,sand,29.882512536890676
litholog11,1000.0,50.0,1,sand,35.89637817478158
litholog11,1000.0,51.0,1,sand,36.09998341985882
litholog11,1000.0,52.0,1,sand,41.79593787620218
litholog11,1000.0,53.0,1,sand,39.17555622957289
litholog11,1000.0,54.0,1,sand,36.784355295747545
litholog11,1000.0,55.0,1,sand,42.316514456097806
litholog11,1000.0,56.0,1,sand,29.056184728385745
litholog11,1000.0,57.0,1,sand,31.80124233625126
litholog11,1000.0,58.0,1,sand,30.367120292972373
litholog11,1000.0,60.0,2,carbon_mud,132.32540104750154
litholog11,1000.0,61.0,2,carbon_mud,122.19520823502779
litholog11,1000.0,62.0,2,carbon_mud,128.51338318651182
litholog11,1000.0,63.0,2,carbon_mud,130.49738736507868
litholog11,1000.0,64.0,2,carbon_mud,129.56949674089475
litholog11,1000.0,65.0,3,silt,77.25589424510532
litholog11,1000.0,66.0,3,silt,67.79673789215128
litholog11,1000.0,67.0,4,mud,105.06026590300912
litholog11,1000.0,68.0,3,silt,70.16053836985468
litholog11,1000.0,69.0,2,carbon_mud,133.9540306084504
litholog11,1000.0,70.0,2,carbon_mud,131.72322613118027
litholog11,1000.0,71.0,2,carbon_mud,133.34163009053998
litholog11,1000.0,72.0,4,mud,106.0139863844889
litholog11,1000.0,73.0,4,mud,99.53264314769008
litholog11,1000.0,74.0,4,mud,106.9849565224942
litholog11,1000.0,75.0,4,mud,105.30192964212209
litholog11,1000.0,76.0,3,silt,71.34456723839301
litholog11,1000.0,77.0,3,silt,66.90167032935693
litholog12,1100.0,0.0,0,coal,24.396989874314144
litholog12,1100.0,1.0,0,coal,23.88895967714474
litholog12,1100.0,2.0,0,coal,20.33015348780608
litholog12,1100.0,3.0,4,mud,98.48673941582769
litholog12,1100.0,4.0,4,mud,104.74401444091701
litholog12,1100.0,5.0,4,mud,104.60135218071596
litholog12,1100.0,6.0,4,mud,113.9878058332232
litholog12,1100.0,7.0,1,sand,33.05095098422116
litholog12,1100.0,8.0,1,sand,28.116569262218455
litholog12,1100.0,9.0,4,mud,109.47106664256705
litholog12,1100.0,10.0,4,mud,105.05722719545733
litholog12,1100.0,11.0,4,mud,106.24393654900541
litholog12,1100.0,12.0,4,mud,105.22106189052099
litholog12,1100.0,13.0,1,sand,38.17575473407202
litholog12,1100.0,14.0,1,sand,33.88888651450613
litholog12,1100.0,15.0,4,mud,103.98543007602225
litholog12,1100.0,16.0,4,mud,99.58786401305856
litholog12,1100.0,17.0,1,sand,27.64596852748671
litholog12,1100.0,18.0,1,sand,29.922104593962292
litholog12,1100.0,19.0,0,coal,25.636206034840164
litholog12,1100.0,20.0,1,sand,36.56756923725098
litholog12,1100.0,21.0,1,sand,39.1906328394719
litholog12,1100.0,22.0,4,mud,104.24474061196536
litholog12,1100.0,23.0,4,mud,101.26950871673743
litholog12,1100.0,24.0,4,mud,98.74842230538427
litholog12,1100.0,25.0,1,sand,44.98365445845893
litholog12,1100.0,26.0,1,sand,49.56931233003665
litholog12,1100.0,27.0,1,sand,37.07204716637998
litholog12,1100.0,28.0,1,sand,30.05230939984068
litholog12,1100.0,29.0,1,sand,24.339768596343454
litholog12,1100.0,30.0,4,mud,107.55610907273767
litholog12,1100.0,31.0,4,mud,106.95632329966618
litholog12,1100.0,32.0,0,coal,22.337546711260227
litholog12,1100.0,33.0,0,coal,15.70353768558381
litholog12,1100.0,34.0,1,sand,36.33855731171918
litholog12,1100.0,35.0,1,sand,30.93529452344837
litholog12,1100.0,36.0,1,sand,32.923213699101574
litholog12,1100.0,37.0,1,sand,31.93951600470096
litholog12,1100.0,38.0,1,sand,34.29604556791807
litholog12,1100.0,39.0,1,sand,40.329901153938216
litholog12,1100.0,40.0,1,sand,35.785242837226725
litholog12,1100.0,41.0,1,sand,34.20682581480656
litholog12,1100.0,42.0,1,sand,29.821731235870942
litholog12,1100.0,43.0,1,sand,26.626585276478217
litholog12,1100.0,44.0,1,sand,32.568460454633346
litholog12,1100.0,45.0,1,sand,34.7310872459084
litholog12,1100.0,46.0,1,sand,43.839649567899414
litholog12,1100.0,47.0,3,silt,72.35568146699964
litholog12,1100.0,48.0,3,silt,67.33273826417638
litholog12,1100.0,49.0,1,sand,35.65137260736443
litholog12,1100.0,50.0,1,sand,39.91369755511529
litholog12,1100.0,51.0,3,silt,67.94180838891896
litholog12,1100.0,52.0,4,mud,96.06646244315961
litholog12,1100.0,53.0,3,silt,76.8132131990167
litholog12,1100.0,54.0,3,silt,64.79706973743784
litholog12,1100.0,55.0,2,carbon_mud,126.5581385888462
litholog12,1100.0,56.0,4,mud,104.38657681252437
litholog12,1100.0,57.0,4,mud,109.97850692949962
litholog12,1100.0,58.0,1,sand,32.50352200730424
litholog12,1100.0,59.0,1,sand,29.075281167914877
litholog12,1100.0,60.0,1,sand,30.17441618883814
litholog12,1100.0,61.0,1,sand,31.373869677321235
litholog12,1100.0,62.0,1,sand,45.64234866217582
litholog12,1100.0,63.0,1,sand,30.89306660387807
litholog12,1100.0,64.0,3,silt,57.93609834535255
litholog12,1100.0,65.0,1,sand,39.19244601868172
litholog12,1100.0,66.0,1,sand,30.48536410956487
litholog12,1100.0,67.0,1,sand,39.65786506437122
litholog12,1100.0,68.0,1,sand,36.92475483052932
litholog12,1100.0,69.0,1,sand,34.21681051170955
litholog12,1100.0,70.0,1,sand,34.79618736932283
litholog12,1100.0,71.0,1,sand,31.726061522853048
litholog12,1100.0,72.0,1,sand,37.2303610074104
litholog12,1100.0,73.0,1,sand,32.7250825982961
litholog12,1100.0,74.0,1,sand,28.871971181163758
litholog12,1100.0,75.0,1,sand,28.610312128401905
litholog12,1100.0,76.0,4,mud,110.2961186944816
litholog12,1100.0,77.0,4,mud,110.12918421442619
litholog12,1100.0,78.0,4,mud,105.1945660345073
litholog12,1100.0,79.0,1,sand,35.862939588610594
litholog12,1100.0,80.0,1,sand,42.89545628205217
litholog12,1100.0,81.0,1,sand,35.799958067867195
litholog12,1100.0,82.0,1,sand,34.40680836945059
litholog12,1100.0,83.0,1,sand,36.42913069801271
litholog12,1100.0,84.0,3,silt,78.05468497505947
litholog12,1100.0,85.0,2,carbon_mud,134.48907704205274
litholog12,1100.0,86.0,3,silt,82.74663976303502
litholog12,1100.0,87.0,3,silt,67.97365367275334
litholog12,1100.0,88.0,4,mud,100.77477336015424
litholog12,1100.0,89.0,4,mud,99.5815058632097
litholog12,1100.0,90.0,4,mud,106.72302452375179
litholog12,1100.0,91.0,4,mud,106.89640017182582
litholog12,1100.0,92.0,1,sand,41.530008708534126
litholog12,1100.0,93.0,1,sand,36.09691250681928
litholog12,1100.0,94.0,4,mud,111.43665555802532
litholog12,1100.0,95.0,4,mud,110.49989825171042
litholog12,1100.0,96.0,4,mud,104.33885671734414
litholog12,1100.0,97.0,4,mud,98.77897060569565
litholog12,1100.0,98.0,4,mud,103.40446701494551
litholog12,1100.0,99.0,4,mud,106.08615597405262
litholog12,1100.0,100.0,1,sand,32.94536384583132
litholog12,1100.0,101.0,1,sand,40.53144355029944
litholog12,1100.0,102.0,2,carbon_mud,138.14468473811996
litholog12,1100.0,103.0,4,mud,103.98958377305298
litholog12,1100.0,104.0,1,sand,37.143782192308066
litholog12,1100.0,105.0,1,sand,42.67877995997996
litholog12,1100.0,106.0,1,sand,35.91617218610953
litholog12,1100.0,107.0,1,sand,28.8776548413975
litholog12,1100.0,108.0,1,sand,28.159204003771677
litholog12,1100.0,109.0,1,sand,43.25463966115625
litholog12,1100.0,110.0,3,silt,60.315809796899075
litholog2,100.0,0.0,4,mud,102.11052945961173
litholog2,100.0,1.0,4,mud,106.2644240748495
litholog2,100.0,2.0,4,mud,102.48021129294695
litholog2,100.0,3.0,4,mud,101.85966958137313
litholog2,100.0,4.0,4,mud,106.5572641715172
litholog2,100.0,5.0,0,coal,21.843753920412496
litholog2,100.0,6.0,0,coal,15.205586995855006
litholog2,100.0,7.0,4,mud,102.99003709935397
litholog2,100.0,8.0,4,mud,106.22052194489176
litholog2,100.0,9.0,4,mud,106.3660201142606
litholog2,100.0,10.0,1,sand,43.61832860391648
litholog2,100.0,11.0,1,sand,34.102403933587
litholog2,100.0,12.0,1,sand,33.08406339432006
litholog2,100.0,13.0,1,sand,42.307221461211014
litholog2,100.0,14.0,1,sand,29.46477158978256
litholog2,100.0,15.0,1,sand,30.526364905220866
litholog2,100.0,16.0,0,coal,24.39225150653636
litholog2,100.0,17.0,0,coal,19.750370445068736
litholog2,100.0,18.0,0,coal,19.075688182273698
litholog2,100.0,19.0,4,mud,99.30285499454213
litholog2,100.0,20.0,4,mud,102.59379438067293
litholog2,100.0,21.0,4,mud,112.18888469958232
litholog2,100.0,22.0,4,mud,99.18960243632857
litholog2,100.0,23.0,4,mud,94.41672775514735
litholog2,100.0,24.0,4,mud,95.69077423378744
litholog2,100.0,25.0,4,mud,105.14554973288335
litholog2,100.0,26.0,4,mud,105.1545863901635
litholog2,100.0,27.0,4,mud,104.41194572287439
litholog2,100.0,28.0,4,mud,111.07094914464251
litholog2,100.0,29.0,4,mud,91.63582783448531
litholog2,100.0,30.0,4,mud,106.97966937215412
litholog2,100.0,31.0,4,mud,112.80719100901787
litholog2,100.0,32.0,4,mud,99.36109617554143
litholog2,100.0,33.0,4,mud,103.10096744105053
litholog2,100.0,34.0,4,mud,101.2355404138569
litholog2,100.0,35.0,4,mud,100.52826976961235
litholog2,100.0,36.0,4,mud,103.3686899748848
litholog2,100.0,37.0,2,carbon_mud,125.14925240174294
litholog2,100.0,38.0,0,coal,16.595352277980293
litholog2,100.0,39.0,1,sand,38.21663397344522
litholog2,100.0,40.0,1,sand,33.026974385702054
litholog2,100.0,41.0,1,sand,34.97439066639964
litholog2,100.0,42.0,1,sand,34.18278550737744
litholog2,100.0,43.0,1,sand,36.68787274399467
litholog2,100.0,44.0,1,sand,42.037409306568584
litholog2,100.0,45.0,1,sand,35.452924534508725
litholog2,100.0,46.0,1,sand,38.21969396638429
litholog2,100.0,47.0,1,sand,24.749139494844886
litholog2,100.0,48.0,1,sand,34.75640799034941
litholog2,100.0,49.0,1,sand,30.783848648535646
litholog2,100.0,50.0,1,sand,28.90593469788186
litholog2,100.0,51.0,1,sand,30.609238165356246
litholog2,100.0,52.0,1,sand,33.32938279649594
litholog2,100.0,53.0,1,sand,39.57951271178007
litholog2,100.0,54.0,1,sand,28.368036411302178
litholog2,100.0,55.0,1,sand,35.15315746297209
litholog2,100.0,56.0,1,sand,32.57915283333211
litholog2,100.0,57.0,1,sand,33.361634528190194
litholog2,100.0,58.0,1,sand,40.01378912652302
litholog2,100.0,59.0,1,sand,37.69057718501963
litholog2,100.0,60.0,1,sand,41.68699053721372
litholog2,100.0,61.0,1,sand,34.227471603750494
litholog2,100.0,62.0,1,sand,31.520286941646486
litholog2,100.0,63.0,1,sand,33.8807059155975
litholog2,100.0,64.0,4,mud,112.13742641842252
litholog2,100.0,65.0,4,mud,114.1869333774376
litholog2,100.0,66.0,4,mud,103.32030387479927
litholog2,100.0,67.0,4,mud,114.52530107032236
litholog2,100.0,68.0,4,mud,105.17788238492312
litholog2,100.0,69.0,1,sand,36.21248395635611
litholog2,100.0,70.0,1,sand,35.88286679226856
litholog2,100.0,71.0,1,sand,29.578059638833167
litholog2,100.0,72.0,1,sand,35.452448908139374
litholog2,100.0,73.0,1,sand,36.14114165069453
litholog2,100.0,74.0,2,carbon_mud,125.5615217214272
litholog2,100.0,75.0,2,carbon_mud,136.67892168160117
litholog2,100.0,76.0,2,carbon_mud,129.0432800665247
litholog2,100.0,77.0,1,sand,47.587370187669606
litholog2,100.0,78.0,1,sand,44.38422305640835
litholog2,100.0,79.0,1,sand,30.7337832472059
litholog2,100.0,80.0,1,sand,33.56308319225412
litholog2,100.0,81.0,1,sand,27.682789990814985
litholog2,100.0,82.0,0,coal,26.11270669337015
litholog2,100.0,83.0,1,sand,32.046464930182566
litholog2,100.0,84.0,1,sand,36.5780250179517
litholog2,100.0,85.0,1,sand,41.029268104441165
litholog2,100.0,86.0,1,sand,31.354580811281956
litholog2,100.0,87.0,1,sand,31.729267799661017
litholog2,100.0,88.0,1,sand,24.263554851306726
litholog2,100.0,89.0,1,sand,34.18667039727546
litholog2,100.0,90.0,1,sand,29.687927940702185
litholog2,100.0,91.0,1,sand,32.35280286316963
litholog2,100.0,92.0,1,sand,30.61569610916206
litholog3,200.0,0.0,4,mud,113.7684551335054
litholog3,200.0,1.0,4,mud,104.53350675173255
litholog3,200.0,2.0,4,mud,105.65528913023073
litholog3,200.0,3.0,4,mud,106.82737236321417
litholog3,200.0,4.0,0,coal,19.22735258965599
litholog3,200.0,5.0,1,sand,34.52868722873721
litholog3,200.0,6.0,1,sand,26.211358043216844
litholog3,200.0,7.0,1,sand,27.66477377304505
litholog3,200.0,8.0,1,sand,45.64623556014149
litholog3,200.0,9.0,1,sand,28.562887093629847
litholog3,200.0,10.0,1,sand,29.516072107726803
litholog3,200.0,11.0,1,sand,44.18456764160657
litholog3,200.0,12.0,1,sand,49.52533584620203
litholog3,200.0,13.0,1,sand,29.142166855873292
litholog3,200.0,14.0,1,sand,33.158755216059845
litholog3,200.0,15.0,1,sand,36.70777775470255
litholog3,200.0,16.0,1,sand,43.64348822202796
litholog3,200.0,17.0,1,sand,30.065714607858812
litholog3,200.0,18.0,1,sand,33.77361077028945
litholog3,200.0,19.0,1,sand,38.88668788030872
litholog3,200.0,20.0,1,sand,37.17383037233309
litholog3,200.0,21.0,1,sand,33.119219643849505
litholog3,200.0,22.0,1,sand,34.330885177419795
litholog3,200.0,23.0,4,mud,120.89426839683767
litholog3,200.0,24.0,4,mud,109.25642787422395
litholog3,200.0,25.0,4,mud,101.46367735024268
litholog3,200.0,26.0,4,mud,109.8449893513793
litholog3,200.0,27.0,4,mud,103.19083731457829
litholog3,200.0,28.0,4,mud,102.55124908549395
litholog3,200.0,29.0,4,mud,109.54300679946056
litholog3,200.0,30.0,4,mud,105.15542793885577
litholog3,200.0,31.0,4,mud,106.39287957255902
litholog3,200.0,32.0,4,mud,105.06992610932646
litholog3,200.0,33.0,4,mud,106.68291563302718
litholog3,200.0,34.0,4,mud,107.12482948718075
litholog3,200.0,35.0,2,carbon_mud,137.01910696033278
litholog3,200.0,36.0,2,carbon_mud,127.78732144053907
litholog3,200.0,37.0,0,coal,17.858360889184464
litholog3,200.0,38.0,1,sand,28.12552095815009
litholog3,200.0,39.0,1,sand,33.80913128012667
litholog3,200.0,40.0,1,sand,33.66806254995522
litholog3,200.0,41.0,1,sand,36.16084944813128
litholog3,200.0,42.0,1,sand,32.22336390590492
litholog3,200.0,43.0,1,sand,37.35769261272569
litholog3,200.0,44.0,1,sand,40.06357908909914
litholog3,200.0,45.0,1,sand,35.77714663834233
litholog3,200.0,46.0,1,sand,36.758782041996014
litholog3,200.0,47.0,1,sand,35.26577673788934
litholog3,200.0,48.0,1,sand,35.00042196545707
litholog3,200.0,49.0,1,sand,31.39220983228576
litholog3,200.0,50.0,1,sand,36.58247130836654
litholog3,200.0,51.0,1,sand,34.51356700793255
litholog3,200.0,52.0,1,sand,45.465841544652974
litholog3,200.0,53.0,1,sand,42.86677451237621
litholog3,200.0,54.0,1,sand,36.929232762782505
litholog3,200.0,55.0,1,sand,31.184713951526163
litholog3,200.0,56.0,4,mud,95.31516533647292
litholog3,200.0,57.0,4,mud,108.33286334304766
litholog3,200.0,58.0,2,carbon_mud,137.27522788135354
litholog3,200.0,59.0,2,carbon_mud,130.65742908402726
litholog3,200.0,60.0,2,carbon_mud,131.29114411661348
litholog3,200.0,61.0,1,sand,29.43794264008291
litholog3,200.0,62.0,1,sand,40.95571476544433
litholog3,200.0,63.0,1,sand,36.31374612573569
litholog3,200.0,64.0,1,sand,37.400717016958055
litholog3,200.0,65.0,1,sand,26.27707006512904
litholog3,200.0,66.0,1,sand,39.637192407790906
litholog3,200.0,67.0,1,sand,37.27210169107182
litholog3,200.0,68.0,1,sand,29.44784657792761
litholog3,200.0,69.0,1,sand,32.64237596275026
litholog3,200.0,70.0,1,sand,36.3185860217826
litholog3,200.0,71.0,1,sand,35.26233399178122
litholog3,200.0,72.0,1,sand,33.539144070982225
litholog3,200.0,73.0,1,sand,34.4825586596702
litholog3,200.0,74.0,1,sand,33.74011310896557
litholog3,200.0,75.0,1,sand,35.762812560512344
litholog3,200.0,76.0,1,sand,42.35745986496578
litholog3,200.0,77.0,1,sand,22.166707795343513
litholog3,200.0,78.0,1,sand,33.81574867745158
litholog3,200.0,79.0,1,sand,35.88256210686224
litholog3,200.0,80.0,1,sand,36.479969948435496
litholog3,200.0,81.0,1,sand,33.14042709339355
litholog3,200.0,82.0,1,sand,26.216391087607086
litholog3,200.0,83.0,1,sand,36.639977418570545
litholog3,200.0,84.0,1,sand,43.63675107082092
litholog3,200.0,85.0,1,sand,27.33069297541931
litholog3,200.0,86.0,1,sand,39.31914006849094
litholog3,200.0,87.0,1,sand,33.35737388438553
litholog3,200.0,88.0,1,sand,34.69337827085576
litholog3,200.0,89.0,1,sand,29.735507446480256
litholog3,200.0,90.0,1,sand,33.327719138220615
litholog3,200.0,91.0,1,sand,41.50022297349479
litholog3,200.0,92.0,1,sand,37.91327620993854
litholog4,300.0,0.0,4,mud,100.0899029008485
litholog4,300.0,1.0,4,mud,97.78850432220294
litholog4,300.0,2.0,4,mud,104.70794378070659
litholog4,300.0,3.0,4,mud,105.41990501657227
litholog4,300.0,4.0,0,coal,18.239332247558853
litholog4,300.0,5.0,3,silt,68.44758011902029
litholog4,300.0,6.0,1,sand,43.66155802704972
litholog4,300.0,7.0,1,sand,40.887059444888465
litholog4,300.0,8.0,1,sand,37.19543339464788
litholog4,300.0,9.0,1,sand,43.71967263083896
litholog4,300.0,10.0,1,sand,37.194965793691495
litholog4,300.0,11.0,4,mud,101.5324691771386
litholog4,300.0,12.0,4,mud,109.15515928833987
litholog4,300.0,13.0,4,mud,98.28912416814546
litholog4,300.0,14.0,4,mud,102.9652812561372
litholog4,300.0,15.0,4,mud,102.075629325335
litholog4,300.0,16.0,4,mud,104.7670636483033
litholog4,300.0,17.0,4,mud,106.39432142323619
litholog4,300.0,18.0,4,mud,99.96053525188228
litholog4,300.0,19.0,4,mud,108.62141338728114
litholog4,300.0,20.0,3,silt,68.56888525079665
litholog4,300.0,21.0,4,mud,105.3150118416735
litholog4,300.0,22.0,4,mud,95.54026873344044
litholog4,300.0,23.0,1,sand,39.1399408839853
litholog4,300.0,24.0,1,sand,33.517145232326456
litholog4,300.0,25.0,1,sand,35.33272907929602
litholog4,300.0,26.0,1,sand,31.512880883498617
litholog4,300.0,27.0,1,sand,39.947919672974265
litholog4,300.0,28.0,1,sand,29.10848188442567
litholog4,300.0,29.0,1,sand,38.911751712088304
litholog4,300.0,30.0,1,sand,34.0467447124742
litholog4,300.0,31.0,1,sand,40.856235467336596
litholog4,300.0,32.0,1,sand,38.7543449436563
litholog4,300.0,33.0,1,sand,44.10323078823401
litholog4,300.0,34.0,2,carbon_mud,137.82359010834952
litholog4,300.0,35.0,2,carbon_mud,128.19114761277913
litholog4,300.0,36.0,2,carbon_mud,125.2943895203752
litholog4,300.0,37.0,2,carbon_mud,127.75717895985822
litholog4,300.0,38.0,0,coal,22.661545927766745
litholog4,300.0,39.0,1,sand,38.65387345569322
litholog4,300.0,40.0,1,sand,27.139798721733797
litholog4,300.0,41.0,1,sand,34.665234135508996
litholog4,300.0,42.0,1,sand,29.13996403702592
litholog4,300.0,43.0,1,sand,32.40860078816863
litholog4,300.0,44.0,1,sand,42.55614216638361
litholog4,300.0,45.0,1,sand,38.18766905448848
litholog4,300.0,46.0,1,sand,31.50534785710627
litholog4,300.0,47.0,1,sand,29.931413167798006
litholog4,300.0,48.0,1,sand,35.1639104643813
litholog4,300.0,49.0,1,sand,28.91719925309436
litholog4,300.0,50.0,1,sand,31.644298613017096
litholog4,300.0,51.0,1,sand,36.56004735775622
litholog4,300.0,52.0,1,sand,40.77656018053348
litholog4,300.0,53.0,1,sand,38.0438073611222
litholog4,300.0,54.0,1,sand,23.5435524570095
litholog4,300.0,55.0,4,mud,95.20704279801484
litholog4,300.0,56.0,4,mud,104.93840353535344
litholog4,300.0,57.0,4,mud,103.89516341106822
litholog4,300.0,58.0,4,mud,104.48289943212683
litholog4,300.0,59.0,4,mud,104.8600877173489
litholog4,300.0,60.0,4,mud,106.1277991975509
litholog4,300.0,61.0,3,silt,69.05038079488871
litholog4,300.0,62.0,4,mud,109.73824804924149
litholog4,300.0,63.0,4,mud,99.4444754954122
litholog4,300.0,64.0,4,mud,99.14014203549603
litholog4,300.0,65.0,4,mud,99.5333807105631
litholog4,300.0,66.0,4,mud,106.44458333584353
litholog4,300.0,67.0,4,mud,111.22473689323223
litholog4,300.0,68.0,4,mud,102.84330280880245
litholog4,300.0,69.0,4,mud,92.49150077920173
litholog4,300.0,70.0,4,mud,96.48003568694813
litholog4,300.0,71.0,3,silt,64.43305979039076
litholog4,300.0,72.0,4,mud,100.83481638601994
litholog4,300.0,73.0,4,mud,102.21135556252392
litholog4,300.0,74.0,4,mud,102.95805686372637
litholog4,300.0,75.0,4,mud,105.19290561490459
litholog4,300.0,76.0,3,silt,72.8978057123824
litholog4,300.0,77.0,4,mud,103.44126834588776
litholog4,300.0,78.0,4,mud,110.24669805271704
litholog4,300.0,79.0,4,mud,101.61991347159315
litholog4,300.0,80.0,4,mud,100.68841020262228
litholog4,300.0,81.0,4,mud,107.3943776926023
litholog4,300.0,82.0,4,mud,97.3217896503694
litholog4,300.0,83.0,4,mud,106.9484585266
litholog5,400.0,0.0,4,mud,105.51276591863133
litholog5,400.0,1.0,4,mud,104.26278755040916
litholog5,400.0,2.0,4,mud,112.9413805357463
litholog5,400.0,3.0,4,mud,101.88896277352642
litholog5,400.0,4.0,0,coal,21.82722032182039
litholog5,400.0,5.0,3,silt,72.62253687643043
litholog5,400.0,6.0,1,sand,36.5218336451513
litholog5,400.0,7.0,1,sand,35.36016786616289
litholog5,400.0,8.0,1,sand,37.069451426863466
litholog5,400.0,9.0,1,sand,43.08104840825604
litholog5,400.0,10.0,1,sand,24.683808615976286
litholog5,400.0,11.0,1,sand,32.04448287404447
litholog5,400.0,12.0,4,mud,115.30149085262039
litholog5,400.0,13.0,4,mud,103.8728427538595
litholog5,400.0,14.0,4,mud,98.61491777514885
litholog5,400.0,15.0,4,mud,105.34959790497413
litholog5,400.0,16.0,4,mud,99.61877399840616
litholog5,400.0,17.0,4,mud,101.24122076093249
litholog5,400.0,18.0,4,mud,106.98516650007745
litholog5,400.0,19.0,4,mud,107.77791044325062
litholog5,400.0,20.0,4,mud,101.88916149872871
litholog5,400.0,21.0,3,silt,62.52797190090347
litholog5,400.0,22.0,4,mud,109.937025725232
litholog5,400.0,23.0,4,mud,110.78753879010567
litholog5,400.0,24.0,1,sand,37.95453161396677
litholog5,400.0,25.0,1,sand,27.092028002730288
litholog5,400.0,26.0,1,sand,42.379745240267546
litholog5,400.0,27.0,1,sand,36.84178306350329
litholog5,400.0,28.0,1,sand,39.23291992921702
litholog5,400.0,29.0,1,sand,32.14528169239103
litholog5,400.0,30.0,1,sand,39.068818449831056
litholog5,400.0,31.0,1,sand,40.34235777994519
litholog5,400.0,32.0,1,sand,36.16439010068584
litholog5,400.0,33.0,1,sand,36.17200446349348
litholog5,400.0,34.0,1,sand,36.35171619640863
litholog5,400.0,35.0,2,carbon_mud,132.2616697532157
litholog5,400.0,36.0,2,carbon_mud,122.17120463909743
litholog5,400.0,37.0,2,carbon_mud,133.1873545132556
litholog5,400.0,38.0,2,carbon_mud,127.30614341191128
litholog5,400.0,39.0,0,coal,22.06366305797994
litholog5,400.0,40.0,1,sand,30.68327367630309
litholog5,400.0,41.0,1,sand,34.262356598798235
litholog5,400.0,42.0,1,sand,34.237387337738205
litholog5,400.0,43.0,1,sand,36.916969321767475
litholog5,400.0,44.0,1,sand,39.999121234551474
litholog5,400.0,45.0,1,sand,29.707319590107954
litholog5,400.0,46.0,1,sand,34.37495484840211
litholog5,400.0,47.0,1,sand,42.407277738294866
litholog5,400.0,48.0,1,sand,31.28205885593718
litholog5,400.0,49.0,1,sand,30.8887499135484
litholog5,400.0,50.0,1,sand,36.01153095915597
litholog5,400.0,51.0,1,sand,39.2219259524266
litholog5,400.0,52.0,1,sand,35.057130277803296
litholog5,400.0,53.0,1,sand,41.644802952184946
litholog5,400.0,54.0,1,sand,39.28396991283263
litholog5,400.0,55.0,1,sand,39.20910033445031
litholog5,400.0,56.0,1,sand,37.770582506620464
litholog5,400.0,57.0,4,mud,112.18150878281645
litholog5,400.0,58.0,4,mud,107.64706703562861
litholog5,400.0,59.0,4,mud,111.81714356042849
litholog5,400.0,60.0,4,mud,95.59600786012972
litholog5,400.0,61.0,4,mud,103.41046725685769
litholog5,400.0,62.0,3,silt,73.49598365847444
litholog5,400.0,63.0,2,carbon_mud,135.73906330366782
litholog5,400.0,64.0,2,carbon_mud,118.02869847549763
litholog5,400.0,65.0,2,carbon_mud,126.06717112447916
litholog5,400.0,66.0,2,carbon_mud,121.5676592438295
litholog5,400.0,67.0,2,carbon_mud,125.86885266818024
litholog5,400.0,68.0,2,carbon_mud,131.23832950554473
litholog5,400.0,69.0,2,carbon_mud,129.1038668727512
litholog5,400.0,70.0,2,carbon_mud,128.73311215525993
litholog5,400.0,71.0,3,silt,80.26342490972945
litholog5,400.0,72.0,3,silt,70.8598016621853
litholog5,400.0,73.0,4,mud,100.66497371838287
litholog5,400.0,74.0,4,mud,105.59612930563696
litholog5,400.0,75.0,4,mud,102.14275390401632
litholog5,400.0,76.0,4,mud,104.16921079025134
litholog5,400.0,77.0,3,silt,68.31337418965747
litholog5,400.0,78.0,1,sand,46.63826550173042
litholog5,400.0,79.0,1,sand,33.974191555669776
litholog5,400.0,80.0,1,sand,24.982388539667433
litholog5,400.0,81.0,1,sand,43.021271807585705
litholog5,400.0,82.0,1,sand,32.711502845215875
litholog5,400.0,83.0,1,sand,35.539402221715164
litholog6,500.0,0.0,4,mud,114.41087440102025
litholog6,500.0,1.0,4,mud,104.15140101789811
litholog6,500.0,2.0,4,mud,107.06896158595107
litholog6,500.0,3.0,4,mud,103.83865335037882
litholog6,500.0,4.0,4,mud,105.37856643978417
litholog6,500.0,5.0,4,mud,105.03008340218035
litholog6,500.0,6.0,2,carbon_mud,129.20407564309969
litholog6,500.0,7.0,2,carbon_mud,131.01694120309972
litholog6,500.0,8.0,1,sand,41.547753424302634
litholog6,500.0,9.0,1,sand,26.988702294705373
litholog6,500.0,10.0,1,sand,28.741763929469304
litholog6,500.0,11.0,3,silt,69.2899839279624
litholog6,500.0,12.0,3,silt,73.07628383484281
litholog6,500.0,13.0,3,silt,61.34664197246391
litholog6,500.0,14.0,0,coal,22.154105015039413
litholog6,500.0,15.0,1,sand,26.993610314405732
litholog6,500.0,16.0,1,sand,31.02931854987288
litholog6,500.0,17.0,1,sand,37.19818303008497
litholog6,500.0,18.0,1,sand,37.62093921406385
litholog6,500.0,19.0,1,sand,36.38137089664277
litholog6,500.0,20.0,1,sand,27.936170580538167
litholog6,500.0,21.0,1,sand,23.449482816836777
litholog6,500.0,22.0,1,sand,35.27176792695191
litholog6,500.0,23.0,1,sand,32.64111983180832
litholog6,500.0,24.0,1,sand,37.29692885858306
litholog6,500.0,25.0,1,sand,38.50976813110635
litholog6,500.0,26.0,1,sand,35.69120716029341
litholog6,500.0,27.0,1,sand,38.80066542687927
litholog6,500.0,28.0,1,sand,36.14605687057534
litholog6,500.0,29.0,1,sand,37.650323528007334
litholog6,500.0,30.0,4,mud,107.2416203298658
litholog6,500.0,31.0,4,mud,110.82653767773589
litholog6,500.0,32.0,4,mud,113.23696998801665
litholog6,500.0,33.0,4,mud,106.54810040954584
litholog6,500.0,34.0,2,carbon_mud,124.95731979028446
litholog6,500.0,35.0,2,carbon_mud,133.53424820449524
litholog6,500.0,36.0,2,carbon_mud,133.31332985192742
litholog6,500.0,37.0,2,carbon_mud,131.9251896882805
litholog6,500.0,38.0,2,carbon_mud,132.78266721375633
litholog6,500.0,39.0,2,carbon_mud,131.4820900040433
litholog6,500.0,40.0,0,coal,30.708238004352307
litholog6,500.0,41.0,0,coal,17.96792491807692
litholog6,500.0,42.0,1,sand,31.476633685650587
litholog6,500.0,43.0,1,sand,34.10194293084271
litholog6,500.0,44.0,1,sand,35.983880483284786
litholog6,500.0,45.0,1,sand,39.10264237708709
litholog6,500.0,46.0,1,sand,33.031294138877136
litholog6,500.0,47.0,1,sand,37.60583627866056
litholog6,500.0,48.0,1,sand,33.6708060404231
litholog6,500.0,49.0,1,sand,34.41228916335935
litholog6,500.0,50.0,1,sand,39.147595210120365
litholog6,500.0,51.0,1,sand,25.03469814472922
litholog6,500.0,52.0,1,sand,28.517638359626197
litholog6,500.0,53.0,1,sand,27.589073012785896
litholog6,500.0,54.0,1,sand,23.331919400758476
litholog6,500.0,55.0,2,carbon_mud,140.17536651365535
litholog6,500.0,56.0,2,carbon_mud,129.56452914473746
litholog6,500.0,57.0,2,carbon_mud,128.4645839083271
litholog6,500.0,58.0,2,carbon_mud,126.23236209821312
litholog6,500.0,59.0,2,carbon_mud,124.83868664711082
litholog6,500.0,60.0,2,carbon_mud,123.77764106199463
litholog6,500.0,61.0,2,carbon_mud,125.55601343384541
litholog6,500.0,62.0,3,silt,70.82195351488652
litholog6,500.0,63.0,3,silt,68.04768025268595
litholog6,500.0,64.0,2,carbon_mud,129.64659809173963
litholog6,500.0,65.0,2,carbon_mud,131.67147564248856
litholog6,500.0,66.0,2,carbon_mud,130.2557102927608
litholog6,500.0,67.0,2,carbon_mud,126.17232361285143
litholog6,500.0,68.0,2,carbon_mud,134.50092282009982
litholog6,500.0,69.0,2,carbon_mud,133.69706336150475
litholog6,500.0,70.0,4,mud,107.94773443017802
litholog6,500.0,71.0,4,mud,99.24567745407217
litholog6,500.0,72.0,4,mud,104.5606162879219
litholog6,500.0,73.0,4,mud,109.70144732441794
litholog6,500.0,74.0,4,mud,109.32984319208576
litholog6,500.0,75.0,3,silt,79.23912506478023
litholog6,500.0,76.0,3,silt,69.12913633097521
litholog6,500.0,77.0,3,silt,78.3394380555976
litholog6,500.0,78.0,4,mud,106.05804866397526
litholog6,500.0,79.0,4,mud,109.43196979783976
litholog6,500.0,80.0,4,mud,107.4538335449691
litholog6,500.0,81.0,4,mud,111.0015312912966
litholog7,600.0,0.0,4,mud,106.44679578478555
litholog7,600.0,1.0,4,mud,103.22150842214482
litholog7,600.0,2.0,4,mud,106.67920628466511
litholog7,600.0,3.0,4,mud,90.34702812073613
litholog7,600.0,4.0,4,mud,106.91442868192524
litholog7,600.0,5.0,4,mud,86.75793587392609
litholog7,600.0,6.0,4,mud,96.38268296297291
litholog7,600.0,7.0,4,mud,107.25884300470491
litholog7,600.0,8.0,2,carbon_mud,129.20175846288993
litholog7,600.0,9.0,2,carbon_mud,126.73541927667644
litholog7,600.0,10.0,2,carbon_mud,132.742139604149
litholog7,600.0,11.0,2,carbon_mud,130.93986793743053
litholog7,600.0,12.0,1,sand,31.608677799224118
litholog7,600.0,13.0,1,sand,38.747169498638705
litholog7,600.0,14.0,1,sand,33.57557966808713
litholog7,600.0,15.0,1,sand,35.98895040970926
litholog7,600.0,16.0,3,silt,64.48129651108997
litholog7,600.0,17.0,3,silt,72.93629583401396
litholog7,600.0,18.0,1,sand,40.44608748355397
litholog7,600.0,19.0,1,sand,41.63843066133846
litholog7,600.0,20.0,1,sand,34.654310326369306
litholog7,600.0,21.0,1,sand,41.76792944784699
litholog7,600.0,22.0,1,sand,35.46063329217055
litholog7,600.0,23.0,1,sand,30.81300888086269
litholog7,600.0,24.0,1,sand,32.02799823900632
litholog7,600.0,25.0,1,sand,27.59731743717492
litholog7,600.0,26.0,1,sand,30.559330731331737
litholog7,600.0,27.0,4,mud,107.38764668633398
litholog7,600.0,28.0,4,mud,99.18785609930035
litholog7,600.0,29.0,4,mud,101.43948979060531
litholog7,600.0,30.0,4,mud,111.85270494307066
litholog7,600.0,31.0,2,carbon_mud,122.75936370292476
litholog7,600.0,32.0,2,carbon_mud,129.66009872007797
litholog7,600.0,33.0,2,carbon_mud,131.3101790603719
litholog7,600.0,34.0,2,carbon_mud,125.50152606756123
litholog7,600.0,35.0,0,coal,17.438786354642314
litholog7,600.0,36.0,0,coal,15.931136358760611
litholog7,600.0,37.0,1,sand,33.20991655962786
litholog7,600.0,38.0,1,sand,39.01792509689301
litholog7,600.0,39.0,1,sand,43.60384915582992
litholog7,600.0,40.0,1,sand,28.0890924231148
litholog7,600.0,41.0,1,sand,36.9641373412996
litholog7,600.0,42.0,1,sand,29.79728030421233
litholog7,600.0,43.0,1,sand,37.37348544231601
litholog7,600.0,44.0,1,sand,34.34456674656137
litholog7,600.0,45.0,1,sand,25.845470870762348
litholog7,600.0,46.0,1,sand,39.64148495784242
litholog7,600.0,47.0,1,sand,31.974996435956346
litholog7,600.0,48.0,2,carbon_mud,130.9492169641872
litholog7,600.0,49.0,2,carbon_mud,122.72588757371105
litholog7,600.0,50.0,2,carbon_mud,136.68093050006087
litholog7,600.0,51.0,2,carbon_mud,136.23974992529716
litholog7,600.0,52.0,2,carbon_mud,128.7374133284852
litholog7,600.0,53.0,2,carbon_mud,131.81727168919537
litholog7,600.0,54.0,3,silt,71.59700131895615
litholog7,600.0,55.0,3,silt,65.65476376067609
litholog7,600.0,56.0,3,silt,70.8869805731847
litholog7,600.0,57.0,2,carbon_mud,117.95039017100062
litholog7,600.0,58.0,2,carbon_mud,124.21826169867333
litholog7,600.0,59.0,2,carbon_mud,128.53110539923935
litholog7,600.0,60.0,2,carbon_mud,124.6393348928657
litholog7,600.0,61.0,2,carbon_mud,133.5719824131533
litholog7,600.0,62.0,2,carbon_mud,139.98648265373998
litholog7,600.0,63.0,4,mud,102.57984934213663
litholog7,600.0,64.0,4,mud,116.21460156201492
litholog7,600.0,65.0,4,mud,104.99040073411827
litholog7,600.0,66.0,4,mud,107.04018088440634
litholog7,600.0,67.0,4,mud,113.08437199249303
litholog7,600.0,68.0,3,silt,76.062594184158
litholog7,600.0,69.0,3,silt,68.381041478567
litholog7,600.0,70.0,3,silt,61.540186754151186
litholog7,600.0,71.0,3,silt,69.91218586761278
litholog7,600.0,72.0,4,mud,105.6551355809671
litholog7,600.0,73.0,4,mud,99.98828009654599
litholog7,600.0,74.0,4,mud,104.45136274152856
litholog7,600.0,75.0,4,mud,104.82194631904954
litholog7,600.0,76.0,4,mud,98.17629173899218
litholog7,600.0,77.0,4,mud,103.72083964329589
litholog7,600.0,78.0,4,mud,101.28903953001281
litholog7,600.0,79.0,4,mud,109.62178878593717
litholog8,700.0,0.0,4,mud,105.17305937092628
litholog8,700.0,1.0,4,mud,103.58602125426215
litholog8,700.0,2.0,4,mud,104.46909034688711
litholog8,700.0,3.0,4,mud,106.11561009203083
litholog8,700.0,4.0,2,carbon_mud,124.1169264028535
litholog8,700.0,5.0,2,carbon_mud,125.81268297957403
litholog8,700.0,6.0,2,carbon_mud,131.17724184154966
litholog8,700.0,7.0,3,silt,65.48788452603743
litholog8,700.0,8.0,3,silt,68.2882953066806
litholog8,700.0,9.0,1,sand,32.330498808132226
litholog8,700.0,10.0,1,sand,29.65123794355155
litholog8,700.0,11.0,1,sand,31.728583616562222
litholog8,700.0,12.0,1,sand,37.13945220347458
litholog8,700.0,13.0,1,sand,34.053778295317976
litholog8,700.0,14.0,1,sand,36.6433100114124
litholog8,700.0,15.0,1,sand,36.80960926964422
litholog8,700.0,16.0,1,sand,41.603308277640835
litholog8,700.0,17.0,1,sand,33.28606924567811
litholog8,700.0,18.0,1,sand,27.61571091577134
litholog8,700.0,19.0,1,sand,40.33611208285991
litholog8,700.0,20.0,1,sand,33.342559139513725
litholog8,700.0,21.0,1,sand,40.572962222886886
litholog8,700.0,22.0,1,sand,36.91688556591235
litholog8,700.0,23.0,1,sand,34.34431234898327
litholog8,700.0,24.0,1,sand,36.74387947023148
litholog8,700.0,25.0,4,mud,108.0840709984489
litholog8,700.0,26.0,4,mud,100.0014388566531
litholog8,700.0,27.0,3,silt,69.5920611515744
litholog8,700.0,28.0,4,mud,99.79206183689364
litholog8,700.0,29.0,4,mud,110.52339607701265
litholog8,700.0,30.0,3,silt,61.471738919922416
litholog8,700.0,31.0,4,mud,102.93831563897635
litholog8,700.0,32.0,4,mud,97.91578953701563
litholog8,700.0,33.0,3,silt,61.92170830339661
litholog8,700.0,34.0,4,mud,107.21906354691552
litholog8,700.0,35.0,4,mud,107.31684903016344
litholog8,700.0,36.0,3,silt,72.41033417762763
litholog8,700.0,37.0,4,mud,97.34642371371646
litholog8,700.0,38.0,4,mud,106.14740857731803
litholog8,700.0,39.0,3,silt,67.38640651915159
litholog8,700.0,40.0,4,mud,108.67791546214187
litholog8,700.0,41.0,4,mud,106.87193225853132
litholog8,700.0,42.0,3,silt,57.176278290897166
litholog8,700.0,43.0,4,mud,108.15990741880698
litholog8,700.0,44.0,4,mud,97.97865450954626
litholog8,700.0,45.0,4,mud,106.65520077498098
litholog8,700.0,46.0,1,sand,44.7550628006315
litholog8,700.0,47.0,1,sand,45.38490264526877
litholog8,700.0,48.0,1,sand,35.34690567566389
litholog8,700.0,49.0,3,silt,73.92422018304067
litholog8,700.0,50.0,3,silt,71.3618487763712
litholog8,700.0,51.0,3,silt,66.43062587981758
litholog8,700.0,52.0,4,mud,103.48690120264777
litholog8,700.0,53.0,4,mud,102.58604920637677
litholog8,700.0,54.0,4,mud,109.35277804709864
litholog8,700.0,55.0,4,mud,112.39637255337115
litholog8,700.0,56.0,4,mud,113.97185027300179
litholog8,700.0,57.0,4,mud,111.57403935752953
litholog8,700.0,58.0,4,mud,104.45132909184908
litholog8,700.0,59.0,1,sand,35.80095296658538
litholog8,700.0,60.0,1,sand,40.38120078733193
litholog8,700.0,61.0,1,sand,30.771694836163263
litholog8,700.0,62.0,1,sand,36.665351863091274
litholog8,700.0,63.0,4,mud,106.76360081513171
litholog8,700.0,64.0,4,mud,108.83411435892121
litholog8,700.0,65.0,4,mud,105.60588974649731
litholog8,700.0,66.0,3,silt,63.41584894470879
litholog8,700.0,67.0,3,silt,74.17903948157169
litholog8,700.0,68.0,3,silt,71.74675311280215
litholog8,700.0,69.0,3,silt,81.91301141342036
litholog8,700.0,70.0,4,mud,105.65382093955772
litholog8,700.0,71.0,4,mud,109.11876565938091
litholog8,700.0,72.0,4,mud,104.70358676987034
litholog8,700.0,73.0,4,mud,101.35356531813169
litholog8,700.0,74.0,4,mud,102.92763467082071
litholog8,700.0,75.0,4,mud,108.1695518886687
litholog8,700.0,76.0,3,silt,72.10094299362468
litholog8,700.0,77.0,4,mud,105.01496645599978
litholog8,700.0,78.0,4,mud,106.70104988434169
litholog9,800.0,0.0,4,mud,108.35039621101095
litholog9,800.0,1.0,4,mud,103.12579268551195
litholog9,800.0,2.0,4,mud,108.78124081814903
litholog9,800.0,3.0,4,mud,106.89421301729197
litholog9,800.0,4.0,4,mud,98.82593456544261
litholog9,800.0,5.0,4,mud,112.21152395593123
litholog9,800.0,6.0,4,mud,102.49627628121542
litholog9,800.0,7.0,4,mud,96.72452328407408
litholog9,800.0,8.0,4,mud,99.77478145206848
litholog9,800.0,9.0,4,mud,99.8947741966084
litholog9,800.0,10.0,4,mud,105.26086659328767
litholog9,800.0,11.0,2,carbon_mud,138.0555807424981
litholog9,800.0,12.0,2,carbon_mud,123.88812843730048
litholog9,800.0,13.0,2,carbon_mud,131.24518061153472
litholog9,800.0,14.0,2,carbon_mud,139.10649425406555
litholog9,800.0,15.0,1,sand,34.87068576023072
litholog9,800.0,16.0,1,sand,36.569541057287765
litholog9,800.0,17.0,1,sand,30.83315597025297
litholog9,800.0,19.0,1,sand,27.052162533455153
litholog9,800.0,20.0,1,sand,24.635082820043543
litholog9,800.0,21.0,1,sand,29.413079435051962
litholog9,800.0,22.0,1,sand,32.70662357530333
litholog9,800.0,23.0,1,sand,33.53404206675619
litholog9,800.0,24.0,1,sand,44.68615581214758
litholog9,800.0,25.0,1,sand,40.52996684953649
litholog9,800.0,26.0,1,sand,30.189544418291863
litholog9,800.0,27.0,1,sand,36.73854226225478
litholog9,800.0,28.0,3,silt,71.93851570631007
litholog9,800.0,29.0,4,mud,103.63074747226881
litholog9,800.0,30.0,4,mud,103.31584016179704
litholog9,800.0,31.0,4,mud,108.0985098274124
litholog9,800.0,32.0,4,mud,106.69937680596352
litholog9,800.0,33.0,3,silt,69.16536034945717
litholog9,800.0,34.0,3,silt,74.08387933600396
litholog9,800.0,35.0,4,mud,106.58023935322143
litholog9,800.0,36.0,2,carbon_mud,121.74120425910367
litholog9,800.0,37.0,2,carbon_mud,123.59465396577085
litholog9,800.0,38.0,1,sand,32.96460881824837
litholog9,800.0,39.0,1,sand,33.57818080979953
litholog9,800.0,40.0,1,sand,35.92662824707691
litholog9,800.0,41.0,1,sand,38.095855584876965
litholog9,800.0,42.0,1,sand,33.303707580579925
litholog9,800.0,43.0,1,sand,40.31925766367179
litholog9,800.0,44.0,1,sand,29.29030886928798
litholog9,800.0,45.0,1,sand,35.03169531181134
litholog9,800.0,46.0,1,sand,47.98836863297916
litholog9,800.0,47.0,1,sand,36.115398713126375
litholog9,800.0,48.0,3,silt,73.12542600624077
litholog9,800.0,49.0,3,silt,76.25862504282597
litholog9,800.0,50.0,4,mud,107.04914228664346
litholog9,800.0,51.0,4,mud,108.08067334001119
litholog9,800.0,52.0,2,carbon_mud,127.8819669676958
litholog9,800.0,53.0,2,carbon_mud,127.39705793572294
litholog9,800.0,54.0,2,carbon_mud,134.0630064387682
litholog9,800.0,55.0,2,carbon_mud,131.20829859910418
litholog9,800.0,56.0,4,mud,94.46023329111279
litholog9,800.0,57.0,4,mud,103.1778087386777
litholog9,800.0,58.0,4,mud,94.09894967755262
litholog9,800.0,59.0,2,carbon_mud,121.12518970178935
litholog9,800.0,60.0,2,carbon_mud,132.57705201450406
litholog9,800.0,61.0,2,carbon_mud,127.11230556322175
litholog9,800.0,62.0,2,carbon_mud,136.3722360847062
litholog9,800.0,63.0,2,carbon_mud,126.8620623178154
litholog9,800.0,64.0,2,carbon_mud,126.81692358448882
litholog9,800.0,65.0,3,silt,67.39338540681358
litholog9,800.0,66.0,3,silt,67.82296263528019
litholog9,800.0,67.0,3,silt,67.6044841454401
litholog9,800.0,68.0,3,silt,73.95400860589494
litholog9,800.0,69.0,3,silt,77.49187220148366
litholog9,800.0,70.0,1,sand,42.166072533030864
litholog9,800.0,71.0,1,sand,35.45760089086604
litholog9,800.0,72.0,1,sand,37.90388547664898
litholog9,800.0,73.0,1,sand,34.71608402803654
litholog9,800.0,74.0,1,sand,34.14796209417898
litholog9,800.0,75.0,4,mud,105.18029963398898
litholog9,800.0,76.0,4,mud,104.97683513887827
litholog9,800.0,77.0,4,mud,110.22766137394841
