from_litholog,to_litholog,horizontal_distance_m
litholog2,litholog2,0.0
litholog2,litholog3,650.68
litholog2,litholog4,1683.11
litholog2,litholog5,2001.51
litholog2,litholog6,2734.09
litholog2,litholog7,3566.94
litholog2,litholog8,3868.98
litholog2,litholog9,4193.65
litholog2,litholog10,4474.36
litholog2,litholog11,5018.84
litholog2,litholog12,3009.19
litholog3,litholog2,650.68
litholog3,litholog3,0.0
litholog3,litholog4,1062.71
litholog3,litholog5,1354.89
litholog3,litholog6,2128.25
litholog3,litholog7,2945.2
litholog3,litholog8,3222.24
litholog3,litholog9,3596.56
litholog3,litholog10,3827.44
litholog3,litholog11,4432.13
litholog3,litholog12,2688.17
litholog4,litholog2,1683.11
litholog4,litholog3,1062.71
litholog4,litholog4,0.0
litholog4,litholog5,420.02
litholog4,litholog6,1067.03
litholog4,litholog7,1885.25
litholog4,litholog8,2215.1
litholog4,litholog9,2985.55
litholog4,litholog10,2942.29
litholog4,litholog11,3830.17
litholog4,litholog12,2865.44
litholog5,litholog2,2001.51
litholog5,litholog3,1354.89
litholog5,litholog4,420.02
litholog5,litholog5,0.0
litholog5,litholog6,915.68
litholog5,litholog7,1636.93
litholog5,litholog8,1867.62
litholog5,litholog9,2571.94
litholog5,litholog10,2538.1
litholog5,litholog11,3415.01
litholog5,litholog12,2658.29
litholog6,litholog2,2734.09
litholog6,litholog3,2128.25
litholog6,litholog4,1067.03
litholog6,litholog5,915.68
litholog6,litholog6,0.0
litholog6,litholog7,851.04
litholog6,litholog8,1352.5
litholog6,litholog9,2753.43
litholog6,litholog10,2285.35
litholog6,litholog11,3535.54
litholog6,litholog12,3449.04
litholog7,litholog2,3566.94
litholog7,litholog3,2945.2
litholog7,litholog4,1885.25
litholog7,litholog5,1636.93
litholog7,litholog6,851.04
litholog7,litholog7,0.0
litholog7,litholog8,701.49
litholog7,litholog9,2540.72
litholog7,litholog10,1729.61
litholog7,litholog11,3207.21
litholog7,litholog12,3819.34
litholog8,litholog2,3868.98
litholog8,litholog3,3222.24
litholog8,litholog4,2215.1
litholog8,litholog5,1867.62
litholog8,litholog6,1352.5
litholog8,litholog7,701.49
litholog8,litholog8,0.0
litholog8,litholog9,1931.7
litholog8,litholog10,1028.12
litholog8,litholog11,2536.33
litholog8,litholog12,3551.35
litholog9,litholog2,4193.65
litholog9,litholog3,3596.56
litholog9,litholog4,2985.55
litholog9,litholog5,2571.94
litholog9,litholog6,2753.43
litholog9,litholog7,2540.72
litholog9,litholog8,1931.7
litholog9,litholog9,0.0
litholog9,litholog10,1229.39
litholog9,litholog11,846.94
litholog9,litholog12,2355.6
litholog10,litholog2,4474.36
litholog10,litholog3,3827.44
litholog10,litholog4,2942.29
litholog10,litholog5,2538.1
litholog10,litholog6,2285.35
litholog10,litholog7,1729.61
litholog10,litholog8,1028.12
litholog10,litholog9,1229.39
litholog10,litholog10,0.0
litholog10,litholog11,1599.72
litholog10,litholog12,3387.62
litholog11,litholog2,5018.84
litholog11,litholog3,4432.13
litholog11,litholog4,3830.17
litholog11,litholog5,3415.01
litholog11,litholog6,3535.54
litholog11,litholog7,3207.21
litholog11,litholog8,2536.33
litholog11,litholog9,846.94
litholog11,litholog10,1599.72
litholog11,litholog11,0.0
litholog11,litholog12,2886.65
litholog12,litholog2,3009.19
litholog12,litholog3,2688.17
litholog12,litholog4,2865.44
litholog12,litholog5,2658.29
litholog12,litholog6,3449.04
litholog12,litholog7,3819.34
litholog12,litholog8,3551.35
litholog12,litholog9,2355.6
litholog12,litholog10,3387.62
litholog12,litholog11,2886.65
litholog12,litholog12,0.0
