target_litholog_id,nearest_well_id,test_points_count,true_sand_ntg,knn_accuracy,knn_balanced_acc,knn_macro_f1,knn_sand_ntg_error,near_well_accuracy,near_well_balanced_acc,near_well_macro_f1,near_well_sand_ntg_error,prior_accuracy,prior_balanced_acc,prior_macro_f1,prior_sand_ntg_error,support_by_class
litholog2,litholog3,93,0.5806,0.6989,0.3602,0.3642,0.172,0.6989,0.3602,0.3675,0.1505,0.5806,0.25,0.1837,0.4194,"{'Coal': 5, 'Channel Sandstone (undivided)': 54, 'Carbonaceous Mudstone': 0, 'Siltstone': 4, 'Overbank Mudstone': 30}"
litholog3,litholog2,93,0.7312,0.7419,0.4171,0.3703,0.1075,0.6989,0.4024,0.3675,0.1505,0.7312,0.25,0.2112,0.2688,"{'Coal': 2, 'Channel Sandstone (undivided)': 68, 'Carbonaceous Mudstone': 0, 'Siltstone': 5, 'Overbank Mudstone': 18}"
litholog4,litholog5,84,0.4405,0.4048,0.1761,0.1727,0.0238,0.4048,0.1765,0.1755,0.0119,0.4405,0.2,0.1223,0.5595,"{'Coal': 2, 'Channel Sandstone (undivided)': 37, 'Carbonaceous Mudstone': 1, 'Siltstone': 4, 'Overbank Mudstone': 40}"
litholog5,litholog4,84,0.4286,0.3929,0.169,0.1671,0.0,0.4048,0.1746,0.1755,0.0119,0.4286,0.2,0.12,0.5714,"{'Coal': 2, 'Channel Sandstone (undivided)': 36, 'Carbonaceous Mudstone': 1, 'Siltstone': 3, 'Overbank Mudstone': 42}"
litholog6,litholog7,84,0.4524,0.4048,0.2145,0.2167,0.0833,0.4405,0.2338,0.2364,0.0714,0.4524,0.25,0.1557,0.5476,"{'Coal': 1, 'Channel Sandstone (undivided)': 38, 'Carbonaceous Mudstone': 0, 'Siltstone': 4, 'Overbank Mudstone': 41}"
litholog7,litholog8,79,0.4051,0.4304,0.3016,0.2929,0.0,0.443,0.3189,0.2353,0.0506,0.4051,0.3333,0.1922,0.5949,"{'Coal': 0, 'Channel Sandstone (undivided)': 32, 'Carbonaceous Mudstone': 0, 'Siltstone': 6, 'Overbank Mudstone': 41}"
litholog8,litholog7,79,0.4557,0.4557,0.2388,0.2416,0.0633,0.443,0.2324,0.2353,0.0506,0.4557,0.25,0.1565,0.5443,"{'Coal': 0, 'Channel Sandstone (undivided)': 36, 'Carbonaceous Mudstone': 2, 'Siltstone': 2, 'Overbank Mudstone': 39}"
litholog9,litholog11,78,0.4487,0.4744,0.3645,0.2862,0.0897,0.4359,0.3356,0.2672,0.0641,0.4487,0.25,0.1549,0.5513,"{'Coal': 0, 'Channel Sandstone (undivided)': 35, 'Carbonaceous Mudstone': 5, 'Siltstone': 15, 'Overbank Mudstone': 23}"
litholog10,litholog8,77,0.5065,0.4026,0.1821,0.1723,0.0909,0.4416,0.1974,0.1909,0.039,0.5065,0.2,0.1345,0.4935,"{'Coal': 1, 'Channel Sandstone (undivided)': 39, 'Carbonaceous Mudstone': 2, 'Siltstone': 5, 'Overbank Mudstone': 30}"
litholog11,litholog9,78,0.5128,0.4744,0.3021,0.288,0.0385,0.4359,0.2778,0.2672,0.0641,0.5128,0.2,0.1356,0.4872,"{'Coal': 3, 'Channel Sandstone (undivided)': 40, 'Carbonaceous Mudstone': 3, 'Siltstone': 18, 'Overbank Mudstone': 14}"
litholog12,litholog9,111,0.5045,0.4595,0.2381,0.2326,0.1261,0.3604,0.2468,0.2223,0.1892,0.5045,0.2,0.1341,0.4955,"{'Coal': 9, 'Channel Sandstone (undivided)': 56, 'Carbonaceous Mudstone': 3, 'Siltstone': 11, 'Overbank Mudstone': 32}"
