litholog_id,raw_label,provenance_category,observation_type,digitized_interval_m,stratigraphic_span_m,valid_observations_m,quality_flag,coordinates_available,x_m,y_m,coord_units_crs,spatial_position_semantics,vertical_datum_status,vertical_validation_eligible,spatial_validation_eligible,inclusion_exclusion_status
litholog1,L1,source_derived,outcrop,0.0-93.0m,93.0,93.0,Continuous,False,,,None,None,Unanchored; no common stratigraphic datum confirmed; equal raw depths do not correlate,True,False,EXCLUDED: No physical coordinates in source spreadsheet.
litholog2,L2,ai_reconstructed,outcrop,0.0-93.0m,93.0,93.0,Continuous,True,-4057.68,13755.61,Meters; Local Cartesian (project-local CRS; unprojected geographic origin unverified),Provisional relative inter-well geometry; absolute georeferencing unverified,Unanchored; no common stratigraphic datum confirmed; equal raw depths do not correlate,True,True,INCLUDED: Source coordinates available in Location_coordinates_lithologs.xlsx (provisional relative geometry).
litholog3,L3,ai_reconstructed,outcrop,0.0-93.0m,93.0,93.0,Continuous,True,-3577.05,13317.0,Meters; Local Cartesian (project-local CRS; unprojected geographic origin unverified),Provisional relative inter-well geometry; absolute georeferencing unverified,Unanchored; no common stratigraphic datum confirmed; equal raw depths do not correlate,True,True,INCLUDED: Source coordinates available in Location_coordinates_lithologs.xlsx (provisional relative geometry).
litholog4,L4,ai_reconstructed,outcrop,0.0-84.0m,84.0,84.0,Continuous,True,-3121.53,12356.86,Meters; Local Cartesian (project-local CRS; unprojected geographic origin unverified),Provisional relative inter-well geometry; absolute georeferencing unverified,Unanchored; no common stratigraphic datum confirmed; equal raw depths do not correlate,True,True,INCLUDED: Source coordinates available in Location_coordinates_lithologs.xlsx (provisional relative geometry).
litholog5,L5,ai_reconstructed,outcrop,0.0-84.0m,84.0,84.0,Continuous,True,-2709.27,12276.48,Meters; Local Cartesian (project-local CRS; unprojected geographic origin unverified),Provisional relative inter-well geometry; absolute georeferencing unverified,Unanchored; no common stratigraphic datum confirmed; equal raw depths do not correlate,True,True,INCLUDED: Source coordinates available in Location_coordinates_lithologs.xlsx (provisional relative geometry).
litholog6,L6,ai_reconstructed,outcrop,0.0-84.0m,84.0,84.0,Continuous,True,-2737.74,11361.24,Meters; Local Cartesian (project-local CRS; unprojected geographic origin unverified),Provisional relative inter-well geometry; absolute georeferencing unverified,Unanchored; no common stratigraphic datum confirmed; equal raw depths do not correlate,True,True,INCLUDED: Source coordinates available in Location_coordinates_lithologs.xlsx (provisional relative geometry).
litholog7,L7,ai_reconstructed,outcrop,0.0-79.0m,79.0,79.0,Continuous,True,-2163.36,10733.26,Meters; Local Cartesian (project-local CRS; unprojected geographic origin unverified),Provisional relative inter-well geometry; absolute georeferencing unverified,Unanchored; no common stratigraphic datum confirmed; equal raw depths do not correlate,True,True,INCLUDED: Source coordinates available in Location_coordinates_lithologs.xlsx (provisional relative geometry).
litholog8,L8,ai_reconstructed,outcrop,0.0-79.0m,79.0,79.0,Continuous,True,-1476.11,10873.86,Meters; Local Cartesian (project-local CRS; unprojected geographic origin unverified),Provisional relative inter-well geometry; absolute georeferencing unverified,Unanchored; no common stratigraphic datum confirmed; equal raw depths do not correlate,True,True,INCLUDED: Source coordinates available in Location_coordinates_lithologs.xlsx (provisional relative geometry).
litholog9,L9,source_derived,outcrop,0.0-78.0m,78.0,77.0,Gaps (2); Overlaps (1),True,-137.35,12266.41,Meters; Local Cartesian (project-local CRS; unprojected geographic origin unverified),Provisional relative inter-well geometry; absolute georeferencing unverified,Unanchored; no common stratigraphic datum confirmed; equal raw depths do not correlate,True,True,INCLUDED: Source coordinates available in Location_coordinates_lithologs.xlsx (provisional relative geometry).
litholog10,L10,ai_reconstructed,outcrop,0.0-77.0m,77.0,77.0,Continuous,True,-469.43,11082.72,Meters; Local Cartesian (project-local CRS; unprojected geographic origin unverified),Provisional relative inter-well geometry; absolute georeferencing unverified,Unanchored; no common stratigraphic datum confirmed; equal raw depths do not correlate,True,True,INCLUDED: Source coordinates available in Location_coordinates_lithologs.xlsx (provisional relative geometry).
litholog11,L11,source_derived_benchmarked,outcrop,0.0-78.0m,78.0,79.0,Overlaps (1),True,704.07,12169.92,Meters; Local Cartesian (project-local CRS; unprojected geographic origin unverified),Provisional relative inter-well geometry; absolute georeferencing unverified,Unanchored; no common stratigraphic datum confirmed; equal raw depths do not correlate,True,True,INCLUDED: Source coordinates available in Location_coordinates_lithologs.xlsx (provisional relative geometry).
litholog12,L12,digitized_core_log,core,0.0-111.0m,111.0,111.0,Continuous,True,-1119.91,14407.3,Meters; Local Cartesian (project-local CRS; unprojected geographic origin unverified),Provisional relative inter-well geometry; absolute georeferencing unverified,Unanchored; no common stratigraphic datum confirmed; equal raw depths do not correlate,True,True,INCLUDED: Source coordinates available in Location_coordinates_lithologs.xlsx (provisional relative geometry).
