Top,Bottom,Facies
0.0,0.3,mud
0.3,3.4,coal
3.4,3.7,carbon_mud
3.7,7.2,mud
7.2,9.2,sand
9.2,11.4,mud
11.4,11.7,coal
11.7,13.8,mud
13.8,15.8,sand
15.8,17.5,mud
17.5,19.0,sand
19.0,19.5,carbon_mud
19.5,20.0,coal
20.0,20.5,mud
20.5,22.5,sand
22.5,25.4,mud
25.4,30.5,sand
30.5,32.1,mud
32.1,32.4,carbon_mud
32.4,34.5,coal
34.5,38.3,sand
38.3,38.5,mud
38.5,47.0,sand
47.0,48.0,ripples
48.0,48.5,coal
48.5,49.5,ripples
49.5,49.9,mud
49.9,51.9,sand
51.9,52.5,ripples
52.5,53.3,mud
53.3,55.0,ripples
55.0,56.0,carbon_mud
56.0,58.1,mud
58.1,64.1,sand
64.1,65.6,ripples
65.6,72.4,sand
72.4,72.6,mud
72.6,74.1,sand
74.1,74.6,carbon_mud
74.6,76.1,sand
76.1,77.0,mud
77.0,77.5,carbon_mud
77.5,79.0,mud
79.0,84.5,sand
84.5,85.7,ripples
85.7,86.0,carbon_mud
86.0,88.2,ripples
88.2,92.3,mud
92.3,94.3,sand
94.3,96.0,mud
96.0,96.3,coal
96.3,97.4,mud
97.4,97.7,coal
97.7,99.5,mud
99.5,99.7,coal
99.7,100.6,mud
100.6,102.0,sand
102.0,102.8,mud
102.8,103.0,carbon_mud
103.0,103.5,coal
103.5,104.3,mud
104.3,110.4,sand
110.4,111.0,ripples
