litholog_id,provenance_category,provenance_description,group,coordinates_status,num_raw_intervals,num_distinct_beds,merged_same_facies_intervals,continuous_thickness_m,represented_span_m,has_gaps,has_overlaps,gaps_summary,overlaps_summary,sand_raw_intervals_count,sand_distinct_beds_count,sand_thickness_m,pure_sand_ntg_cont,pure_sand_ntg_disc,delta_ntg_disc_minus_cont,sand_min_bed_thickness_m,sand_median_bed_thickness_m,sand_mean_bed_thickness_m,sand_max_bed_thickness_m,sand_std_bed_thickness_m,discretized_1m_samples,coal_prop_cont,sand_prop_cont,carbon_mud_prop_cont,silt_prop_cont,mud_prop_cont,coal_prop_disc,sand_prop_disc,carbon_mud_prop_disc,silt_prop_disc,mud_prop_disc
litholog1,source_derived,Original field section from Sahoo et al. (2016). Source-derived outcrop log.,unassigned_no_coords,No coordinates documented; permanently excluded from spatial modeling.,20,20,0,93.0,93.0,False,False,None,None,4,4,35.0,0.3763,0.3763,0.0,2.0,10.0,8.75,13.0,4.787,93,0.086,0.3763,0.0323,0.0,0.5054,0.086,0.3763,0.0323,0.0,0.5054
litholog2,ai_reconstructed,AI-assisted reconstruction from published photomosaics/figures.,upstream,Documented in Location_coordinates_lithologs.xlsx (Row 1). CRS/units unverified.,16,15,1,93.0,93.0,False,False,None,None,6,5,51.0,0.5484,0.5484,0.0,5.0,7.0,8.5,17.0,4.593,93,0.0753,0.5484,0.043,0.0,0.3333,0.0753,0.5484,0.043,0.0,0.3333
litholog3,ai_reconstructed,AI-assisted reconstruction from published photomosaics/figures.,upstream,Documented in Location_coordinates_lithologs.xlsx (Row 2). CRS/units unverified.,15,10,5,93.0,93.0,False,False,None,None,8,3,68.0,0.7312,0.7312,0.0,5.0,9.0,8.5,11.0,2.07,93,0.0215,0.7312,0.0538,0.0,0.1935,0.0215,0.7312,0.0538,0.0,0.1935
litholog4,ai_reconstructed,AI-assisted reconstruction from published photomosaics/figures.,upstream,Documented in Location_coordinates_lithologs.xlsx (Row 3). CRS/units unverified.,20,18,2,84.0,84.0,False,False,None,None,5,3,32.0,0.381,0.381,0.0,5.0,5.0,6.4,11.0,2.608,84,0.0238,0.381,0.0476,0.0595,0.4881,0.0238,0.381,0.0476,0.0595,0.4881
litholog5,ai_reconstructed,AI-assisted reconstruction from published photomosaics/figures.,upstream,Documented in Location_coordinates_lithologs.xlsx (Row 4). CRS/units unverified.,20,18,2,85.0,85.0,False,False,None,None,5,3,34.0,0.4,0.4,0.0,5.0,6.0,6.8,12.0,2.95,85,0.0235,0.4,0.1412,0.0706,0.3647,0.0235,0.4,0.1412,0.0706,0.3647
litholog6,ai_reconstructed,AI-assisted reconstruction from published photomosaics/figures.,upstream,Documented in Location_coordinates_lithologs.xlsx (Row 5). CRS/units unverified.,17,16,1,82.0,82.0,False,False,None,None,4,3,31.0,0.378,0.378,0.0,3.0,7.5,7.75,13.0,4.272,82,0.0366,0.378,0.2561,0.0976,0.2317,0.0366,0.378,0.2561,0.0976,0.2317
litholog7,ai_reconstructed,AI-assisted reconstruction from published photomosaics/figures.,upstream,Documented in Location_coordinates_lithologs.xlsx (Row 6). CRS/units unverified.,16,15,1,80.0,80.0,False,False,None,None,4,3,24.0,0.3,0.3,0.0,4.0,4.5,6.0,11.0,3.367,80,0.025,0.3,0.25,0.1125,0.3125,0.025,0.3,0.25,0.1125,0.3125
litholog8,ai_reconstructed,AI-assisted reconstruction from published photomosaics/figures.,upstream,Documented in Location_coordinates_lithologs.xlsx (Row 7). CRS/units unverified.,28,26,2,79.0,79.0,False,False,None,None,5,3,23.0,0.2911,0.2911,0.0,3.0,5.0,4.6,6.0,1.14,79,0.0,0.2911,0.038,0.2025,0.4684,0.0,0.2911,0.038,0.2025,0.4684
litholog9,source_derived,Original field section from Sahoo et al. (2016). Source-derived outcrop log.,downstream,Documented in Location_coordinates_lithologs.xlsx (Row 8). CRS/units unverified.,20,17,3,79.0,78.0,True,True,18.0-19.0m (1.0m),29.0-28.0m (1.0m); 30.0-29.0m (1.0m),6,3,28.0,0.3544,0.3718,0.0174,3.0,4.5,4.667,6.0,1.211,78,0.0,0.3544,0.2025,0.1392,0.3038,0.0,0.3718,0.2051,0.1282,0.2949
litholog10,ai_reconstructed,AI-assisted reconstruction from published photomosaics/figures.,upstream,Documented in Location_coordinates_lithologs.xlsx (Row 9). CRS/units unverified.,19,19,0,77.0,77.0,False,False,None,None,4,4,24.0,0.3117,0.3117,0.0,4.0,5.0,6.0,10.0,2.708,77,0.0,0.3117,0.1299,0.1558,0.4026,0.0,0.3117,0.1299,0.1558,0.4026
litholog11,source_derived_benchmarked,Benchmarked section from Sahoo et al. (2016). 93.59% match against manual extraction.,downstream,Documented in Location_coordinates_lithologs.xlsx (Row 10). CRS/units unverified.,18,16,2,77.0,78.0,True,False,59.0-60.0m (1.0m),None,5,3,37.0,0.4805,0.4872,0.0067,3.0,8.0,7.4,12.0,4.278,78,0.026,0.4805,0.2338,0.0909,0.1688,0.0256,0.4872,0.2308,0.0897,0.1667
litholog12,digitized_core_log,Digitized core log from EM-137C subsurface drill core (Figure DR6). Covers 0-111 m.,downstream,Approximate location marked on presentation map slide; no entry in coordinate Excel.,63,63,0,111.0,111.0,False,False,None,None,16,16,57.7,0.5198,0.5045,-0.0153,1.4,2.0,3.606,8.5,2.353,111,0.0703,0.5198,0.0324,0.0883,0.2892,0.0811,0.5045,0.027,0.0991,0.2883
