interval_idx,original_top_m,original_bottom_m,original_thickness_m,corrected_z_strat_base_m,corrected_z_strat_top_m,corrected_thickness_m,facies,facies_code
0,75.0,78.0,3.0,0.0,3.0,3.0,Overbank Mudstone,5
1,69.0,75.0,6.0,3.0,9.0,6.0,Channel Sandstone,0
2,68.0,69.0,1.0,9.0,10.0,1.0,Planar Sandstone,1
3,67.0,68.0,1.0,10.0,11.0,1.0,Carbonaceous Mudstone,3
4,66.0,67.0,1.0,11.0,12.0,1.0,Planar Sandstone,1
5,65.0,66.0,1.0,12.0,13.0,1.0,Carbonaceous Mudstone,3
6,59.0,65.0,6.0,13.0,19.0,6.0,Rippled Heterolithics,2
7,55.0,59.0,4.0,19.0,23.0,4.0,Overbank Mudstone,5
8,52.0,55.0,3.0,23.0,26.0,3.0,Rippled Heterolithics,2
9,50.0,51.0,1.0,27.0,28.0,1.0,Carbonaceous Mudstone,3
10,49.0,50.0,1.0,28.0,29.0,1.0,Overbank Mudstone,5
11,48.0,49.0,1.0,29.0,30.0,1.0,Planar Sandstone,1
12,44.0,48.0,4.0,30.0,34.0,4.0,Channel Sandstone,0
13,39.0,44.0,5.0,34.0,39.0,5.0,Channel Sandstone,0
14,38.0,39.0,1.0,39.0,40.0,1.0,Carbonaceous Mudstone,3
15,36.0,38.0,2.0,40.0,42.0,2.0,Rippled Heterolithics,2
16,35.0,36.0,1.0,42.0,43.0,1.0,Overbank Mudstone,5
17,33.0,35.0,2.0,43.0,45.0,2.0,Planar Sandstone,1
18,30.0,33.0,3.0,45.0,48.0,3.0,Overbank Mudstone,5
19,28.0,30.0,2.0,48.0,50.0,2.0,Planar Sandstone,1
20,25.0,29.0,4.0,49.0,53.0,4.0,Channel Sandstone,0
21,19.0,25.0,6.0,53.0,59.0,6.0,Channel Sandstone,0
22,15.0,18.0,3.0,60.0,63.0,3.0,Channel Sandstone,0
23,11.0,15.0,4.0,63.0,67.0,4.0,Rippled Heterolithics,2
24,0.0,11.0,11.0,67.0,78.0,11.0,Overbank Mudstone,5
