target_litholog_id,nearest_well_id,nearest_distance_m,test_points_count,spatial_markov_accuracy,spatial_markov_balanced_acc,spatial_markov_macro_f1,near_well_accuracy,near_well_balanced_acc,near_well_macro_f1,prior_accuracy,prior_balanced_acc,prior_macro_f1
litholog10,litholog8,1028.1,77,0.3896,0.1667,0.0935,0.4286,0.223,0.2138,0.2727,0.1667,0.0714
litholog11,litholog9,846.9,78,0.1795,0.1667,0.0507,0.4103,0.2339,0.2275,0.4487,0.1667,0.1032
litholog12,litholog9,2355.6,111,0.2883,0.2,0.0895,0.4324,0.2795,0.2117,0.5045,0.2,0.1341
litholog2,litholog3,650.7,93,0.3226,0.25,0.122,0.6989,0.3602,0.3675,0.5806,0.25,0.1837
litholog3,litholog2,650.7,93,0.1935,0.25,0.0811,0.6989,0.4024,0.3675,0.7312,0.25,0.2112
litholog4,litholog5,420.0,84,0.4762,0.1667,0.1075,0.369,0.1673,0.1727,0.369,0.1667,0.0899
litholog5,litholog4,420.0,84,0.5,0.1667,0.1111,0.369,0.1876,0.1727,0.3929,0.1667,0.094
litholog6,litholog7,851.0,84,0.4881,0.2,0.1312,0.381,0.2042,0.2053,0.3929,0.2,0.1128
litholog7,litholog8,701.5,79,0.519,0.25,0.1708,0.3924,0.2238,0.1898,0.3418,0.25,0.1274
litholog8,litholog7,701.5,79,0.4937,0.2,0.1322,0.3924,0.2026,0.1898,0.2785,0.2,0.0871
litholog9,litholog11,846.9,78,0.2949,0.2,0.0911,0.4103,0.2783,0.2275,0.3718,0.2,0.1084
