matrix_type,from_facies_code,from_facies_name,stationary_probability,total_transitions_from_state,prob_to_Coal,count_to_Coal,prob_to_Channel Sandstone (undivided),count_to_Channel Sandstone (undivided),prob_to_Carbonaceous Mudstone,count_to_Carbonaceous Mudstone,prob_to_Siltstone,count_to_Siltstone,prob_to_Overbank Mudstone,count_to_Overbank Mudstone
Regular_Discretized_1m,0,Coal,0.03692,36.0,0.30411,11.0,0.08493,3.0,0.22192,8.0,0.03014,1.0,0.3589,13.0
Regular_Discretized_1m,1,Channel Sandstone (undivided),0.42056,445.0,0.03165,14.0,0.88238,393.0,0.02492,11.0,0.01818,8.0,0.04287,19.0
Regular_Discretized_1m,2,Carbonaceous Mudstone,0.11696,119.0,0.00921,1.0,0.05941,7.0,0.73724,88.0,0.05105,6.0,0.1431,17.0
Regular_Discretized_1m,3,Siltstone,0.08073,84.0,0.02485,2.0,0.11953,10.0,0.07219,6.0,0.47456,40.0,0.30888,26.0
Regular_Discretized_1m,4,Overbank Mudstone,0.34484,337.0,0.02696,9.0,0.08622,29.0,0.01807,6.0,0.0803,27.0,0.78844,266.0
Embedded_Continuous_Intervals,0,Coal,0.12086,29.0,0.0,0.0,0.07143,2.0,0.37755,11.0,0.07143,2.0,0.47959,14.0
Embedded_Continuous_Intervals,1,Channel Sandstone (undivided),0.21146,53.0,0.24532,13.0,0.0,0.0,0.20787,11.0,0.15169,8.0,0.39513,21.0
Embedded_Continuous_Intervals,2,Carbonaceous Mudstone,0.14865,36.0,0.03022,1.0,0.22253,8.0,0.0,0.0,0.19505,7.0,0.5522,20.0
Embedded_Continuous_Intervals,3,Siltstone,0.19053,47.0,0.0654,3.0,0.23418,11.0,0.14979,7.0,0.0,0.0,0.55063,26.0
Embedded_Continuous_Intervals,4,Overbank Mudstone,0.32851,76.0,0.15838,12.0,0.38089,29.0,0.09293,7.0,0.3678,28.0,0.0,0.0
Embedded_Discretized_1m,0,Coal,0.11611,25.0,0.0,0.0,0.12205,3.0,0.3189,8.0,0.04331,1.0,0.51575,13.0
Embedded_Discretized_1m,1,Channel Sandstone (undivided),0.22357,52.0,0.26908,14.0,0.0,0.0,0.21183,11.0,0.15458,8.0,0.3645,19.0
Embedded_Discretized_1m,2,Carbonaceous Mudstone,0.13889,31.0,0.03503,1.0,0.22611,7.0,0.0,0.0,0.19427,6.0,0.54459,17.0
Embedded_Discretized_1m,3,Siltstone,0.19171,44.0,0.0473,2.0,0.22748,10.0,0.13739,6.0,0.0,0.0,0.58784,26.0
Embedded_Discretized_1m,4,Overbank Mudstone,0.32971,71.0,0.12745,9.0,0.40756,29.0,0.08543,6.0,0.37955,27.0,0.0,0.0
