litholog_id,provenance_category,provenance_description,independent_validation,group,coordinates_status,num_raw_intervals,min_depth_m,max_depth_m,represented_span_m,continuous_thickness_m,span_thickness_diff_m,has_gaps,has_overlaps,gaps_summary,overlaps_summary,sand_thickness_m,sand_prop_cont,mud_thickness_m,mud_prop_cont,carbon_mud_thickness_m,carbon_mud_prop_cont,silt_thickness_m,silt_prop_cont,coal_thickness_m,coal_prop_cont,ntg_pure_cont,ntg_coarse_cont,coal_beds_count,coal_mean_bed_thickness_m,coal_max_bed_thickness_m,sand_beds_count,sand_min_bed_thickness_m,sand_median_bed_thickness_m,sand_mean_bed_thickness_m,sand_max_bed_thickness_m,sand_std_bed_thickness_m,discretized_samples_1m,sand_prop_disc,mud_prop_disc,carbon_mud_prop_disc,silt_prop_disc,coal_prop_disc,ntg_pure_disc,delta_ntg_pure_disc_minus_cont
litholog1,source_derived,Original field section from Sahoo et al. (2016). Source-derived outcrop log.,unknown,unassigned_no_coords,No coordinates documented; permanently excluded from spatial modeling.,20,0.0,93.0,93.0,93.0,0.0,False,False,None,None,35.0,0.3763,47.0,0.5054,3.0,0.0323,0.0,0.0,8.0,0.086,0.3763,0.3763,6,1.333,2.0,4,2.0,10.0,8.75,13.0,4.787,93,0.3763,0.5054,0.0323,0.0,0.086,0.3763,0.0
litholog2,ai_reconstructed,AI-assisted reconstruction from published photomosaics/figures.,unvalidated,upstream,Documented in Location_coordinates_lithologs.xlsx (Row 1). CRS/units unverified.,16,0.0,93.0,93.0,93.0,0.0,False,False,None,None,51.0,0.5484,31.0,0.3333,4.0,0.043,0.0,0.0,7.0,0.0753,0.5484,0.5484,4,1.75,3.0,6,5.0,7.0,8.5,17.0,4.593,93,0.5484,0.3333,0.043,0.0,0.0753,0.5484,0.0
litholog3,ai_reconstructed,AI-assisted reconstruction from published photomosaics/figures.,unvalidated,upstream,Documented in Location_coordinates_lithologs.xlsx (Row 2). CRS/units unverified.,15,0.0,93.0,93.0,93.0,0.0,False,False,None,None,68.0,0.7312,18.0,0.1935,5.0,0.0538,0.0,0.0,2.0,0.0215,0.7312,0.7312,2,1.0,1.0,8,5.0,9.0,8.5,11.0,2.07,93,0.7312,0.1935,0.0538,0.0,0.0215,0.7312,0.0
litholog4,ai_reconstructed,AI-assisted reconstruction from published photomosaics/figures.,unvalidated,upstream,Documented in Location_coordinates_lithologs.xlsx (Row 3). CRS/units unverified.,20,0.0,84.0,84.0,84.0,0.0,False,False,None,None,32.0,0.381,41.0,0.4881,4.0,0.0476,5.0,0.0595,2.0,0.0238,0.381,0.4405,2,1.0,1.0,5,5.0,5.0,6.4,11.0,2.608,84,0.381,0.4881,0.0476,0.0595,0.0238,0.381,0.0
litholog5,ai_reconstructed,AI-assisted reconstruction from published photomosaics/figures.,unvalidated,upstream,Documented in Location_coordinates_lithologs.xlsx (Row 4). CRS/units unverified.,20,0.0,85.0,85.0,85.0,0.0,False,False,None,None,34.0,0.4,31.0,0.3647,12.0,0.1412,6.0,0.0706,2.0,0.0235,0.4,0.4706,2,1.0,1.0,5,5.0,6.0,6.8,12.0,2.95,85,0.4,0.3647,0.1412,0.0706,0.0235,0.4,0.0
litholog6,ai_reconstructed,AI-assisted reconstruction from published photomosaics/figures.,unvalidated,upstream,Documented in Location_coordinates_lithologs.xlsx (Row 5). CRS/units unverified.,17,0.0,82.0,82.0,82.0,0.0,False,False,None,None,31.0,0.378,19.0,0.2317,21.0,0.2561,8.0,0.0976,3.0,0.0366,0.378,0.4756,2,1.5,2.0,4,3.0,7.5,7.75,13.0,4.272,82,0.378,0.2317,0.2561,0.0976,0.0366,0.378,0.0
litholog7,ai_reconstructed,AI-assisted reconstruction from published photomosaics/figures.,unvalidated,upstream,Documented in Location_coordinates_lithologs.xlsx (Row 6). CRS/units unverified.,16,0.0,80.0,80.0,80.0,0.0,False,False,None,None,24.0,0.3,25.0,0.3125,20.0,0.25,9.0,0.1125,2.0,0.025,0.3,0.4125,1,2.0,2.0,4,4.0,4.5,6.0,11.0,3.367,80,0.3,0.3125,0.25,0.1125,0.025,0.3,0.0
litholog8,ai_reconstructed,AI-assisted reconstruction from published photomosaics/figures.,unvalidated,upstream,Documented in Location_coordinates_lithologs.xlsx (Row 7). CRS/units unverified.,28,0.0,79.0,79.0,79.0,0.0,False,False,None,None,23.0,0.2911,37.0,0.4684,3.0,0.038,16.0,0.2025,0.0,0.0,0.2911,0.4937,0,0.0,0.0,5,3.0,5.0,4.6,6.0,1.14,79,0.2911,0.4684,0.038,0.2025,0.0,0.2911,0.0
litholog9,source_derived,Original field section from Sahoo et al. (2016). Source-derived outcrop log.,unknown,downstream,Documented in Location_coordinates_lithologs.xlsx (Row 8). CRS/units unverified.,20,0.0,78.0,78.0,79.0,-1.0,True,True,18.0-19.0m (1.0m),29.0-28.0m (1.0m); 30.0-29.0m (1.0m),28.0,0.3544,24.0,0.3038,16.0,0.2025,11.0,0.1392,0.0,0.0,0.3544,0.4937,0,0.0,0.0,6,3.0,4.5,4.667,6.0,1.211,78,0.3718,0.2949,0.2051,0.1282,0.0,0.3718,0.0174
litholog10,ai_reconstructed,AI-assisted reconstruction from published photomosaics/figures.,unvalidated,upstream,Documented in Location_coordinates_lithologs.xlsx (Row 9). CRS/units unverified.,19,0.0,77.0,77.0,77.0,0.0,False,False,None,None,24.0,0.3117,31.0,0.4026,10.0,0.1299,12.0,0.1558,0.0,0.0,0.3117,0.4675,0,0.0,0.0,4,4.0,5.0,6.0,10.0,2.708,77,0.3117,0.4026,0.1299,0.1558,0.0,0.3117,0.0
litholog11,source_derived_benchmarked,Benchmarked section from Sahoo et al. (2016). 93.59% match against manual extraction.,validated,downstream,Documented in Location_coordinates_lithologs.xlsx (Row 10). CRS/units unverified.,18,0.0,78.0,78.0,77.0,1.0,True,False,59.0-60.0m (1.0m),None,37.0,0.4805,13.0,0.1688,18.0,0.2338,7.0,0.0909,2.0,0.026,0.4805,0.5714,1,2.0,2.0,5,3.0,8.0,7.4,12.0,4.278,78,0.4872,0.1667,0.2308,0.0897,0.0256,0.4872,0.0067
litholog12,digitized_core_log,Digitized core log from EM-137C subsurface drill core (Figure DR6). Covers 0-111 m.,unvalidated,downstream,Approximate location marked on presentation map slide; no entry in coordinate Excel.,63,0.0,111.0,111.0,111.0,0.0,False,False,None,None,57.7,0.5198,32.1,0.2892,3.6,0.0324,9.8,0.0883,7.8,0.0703,0.5198,0.6081,9,0.867,3.1,16,1.4,2.0,3.606,8.5,2.353,111,0.5045,0.2883,0.027,0.0991,0.0811,0.5045,-0.0153
