finding_id,category,severity,status,file_path,function_or_section,line_reference,finding,scientific_consequence,recommended_action,blocks_next_stage
FIND-01,Data Leakage,Critical,Verified,data/loader.py,generate_synthetic_gr,lines 281-297,Synthetic Gamma Ray is synthesized directly from target facies labels (base_GR + Gaussian noise sigma=5).,Using synthetic GR as a feature in ML classifiers (XGBoost) creates direct label leakage. Predicting facies from GR achieves near-perfect accuracy artificially because GR is a noisy copy of the target label.,Exclude synthetic GR from all predictive feature matrices in primary model evaluation. Restrict GR strictly to synthetic petrophysical proxy demonstrations.,True
FIND-02,Data Leakage,Critical,Verified,src/litholog_model.py,add_context / train_and_evaluate / uniform_sampling_experiment,"lines 25-29, 49-54, 88-105","prev_facies feature uses ground-truth facies shifted by 1 meter globally before train/test splitting, and evaluation feeds true prev_facies at test time.","Because sedimentary layers are continuous (average bed thickness 4-18m), knowing true facies at depth d-1 trivializes classification of facies at depth d. In real-world inference on unseen lithologs, true prev_facies is unavailable.","Remove prev_facies from baseline spatial evaluation. If sequential dependency is tested, use strict dynamic autoregressive roll-out starting from a single known boundary condition.",True
FIND-03,Validation Integrity,Critical,Verified,src/litholog_model.py,train_and_evaluate / uniform_sampling_experiment,"lines 52-53, 98-99","Evaluation evaluates on full_df, which includes all training samples (X_test = full_df[['Depth', 'prev_facies']]).","Training data is evaluated as part of the test set, creating self-evaluation bias. Reported accuracy conflates training fit with out-of-sample generalization.",Enforce strict disjoint holdout splits (e.g. Leave-One-Litholog-Out). Never evaluate on training rows.,True
FIND-04,Model Capability,High,Verified,smalt/geostat/markov.py,fit / StratigraphicMarkovChain,lines 114-180,"Phase 1 Markov model is strictly a 1D vertical succession counter across all wells combined; it has zero spatial conditioning, coordinate awareness, or inter-well prediction capability.",The current Markov chain implementation cannot predict facies at an unmeasured spatial location or condition on neighboring lithologs. It cannot be used as a spatial reconstruction model in LOLO experiments without new spatial modeling implementation.,"Clearly document in all project reports that Phase 1 Markov is a 1D vertical prior, not a spatial interpolator. Implement 2D conditional geostatistical algorithms (e.g. T-PROGS or MPS) in Phase 2/3.",True
FIND-05,Architecture Disconnection,High,Verified,smalt/geostat/,Phase 2 & Phase 3 modules,docs/SMALT_Study_and_Build_Plan.md lines 116-135,Planned Phase 2 (object_sim.py) and Phase 3 (conditional_grid.py) modules are completely absent from the codebase.,No bridge exists between 1D vertical Markov probabilities and 2D/3D spatial conditioning. Fluvial geometries (W/T=35) do not inform any grid model.,Acknowledge Phase 2 and 3 as unbuilt planned modules. Define mathematical coupling (e.g. coupled Markov chains or object rasterization) before implementation.,True
FIND-06,Spatial Data Integrity,High,Verified,data/loader.py,_extract_strike_pos,lines 136-141,"Loader calculates strike_pos_m as (num - 1) * 100.0 from litholog number, overriding true spatial coordinates with artificial linear spacing.","True spatial layout (arcuate escarpment, canyon turns, non-monotonic ordering where L6 is west of L5 and L10 is south of L9) is replaced by false uniform spacing. Any 2D model trained on strike_pos_m learns distorted spatial geometry.",Deprecate synthetic strike_pos_m. Replace with real coordinates from Location_coordinates_lithologs.xlsx once CRS and units are verified.,True
FIND-07,Stratigraphic Datuming,High,Verified,data/raw_lithologs/ & smalt/data/loader.py,Vertical depth coordinates,litholog1.csv - litholog11.csv,All logs start at numerical depth 0 at modern erosional cliff tops; no common stratigraphic datum (Star Point top or regional coal marker) is applied.,Treating equal numerical depth z across logs as equivalent geological time horizons creates cross-stratal smearing. Comparing logs at fixed numerical depths is geologically invalid.,Obtain elevation/datum offsets for each section from Prof. Sahoo. Flatten logs against Star Point Sandstone top before spatial correlation.,True
FIND-08,Data Provenance,Medium,Verified,data/processed/lithologs_unified.csv,CRITICAL_COLUMNS,data/loader.py line 71,"Standardized tabular outputs (CSV and Parquet) omit provenance metadata columns, separating data points from their source-derived vs AI-reconstructed origin.",Downstream modeling scripts consuming processed tables cannot easily filter or weight observations by provenance without manually joining provenance_manifest.json.,Add provenance_category and independent_validation columns to processed schema in future non-breaking updates.,False
FIND-09,Code Quality / Bug,Medium,Verified,src/litholog_model.py,encode_facies / train_and_evaluate,"lines 32-37, 66-70","encode_facies dictionary omits 'silt', causing all silt rows to map to NaN and be dropped by dropna(); in train_and_evaluate line 69 overwrites unmapped predictions with raw mapped predictions.",Facies classification in legacy litholog_model.py drops significant stratigraphic beds (siltstone) and contains dead/buggy prediction mapping code.,Retire legacy src/litholog_model.py or isolate it strictly as an archived demonstration script.,False
FIND-10,Data Provenance & Scope,Medium,Verified (Resolved),data/raw_lithologs/litholog12.csv,EM-137C core,0-111m interval,"Litholog 12 is a subsurface drill core (EM-137C); Blackhawk interval (0-111m) has been digitized into tabular CSV.",De-risked for 1D descriptive and Markov modeling across 0-111m interval; deeper 111-242m interval preserved as regional strata.,Digitized into standardized CSV data/raw_lithologs/litholog12.csv (63 contiguous beds).,False

