distance_m,facies_code,facies_name,stationary_proportion_pi,model_A_p_ii,model_B_p_ii,model_C_p_ii,model_A_excess_prob,model_B_excess_prob,model_C_excess_prob,model_A_pct_information_retained,model_B_pct_information_retained,model_C_pct_information_retained,spatial_memory_alive
420.0,0,Channel Sandstone,0.4397,0.39,0.598,0.7196,-0.0497,0.1584,0.2799,0.0,28.3,50.0,True
420.0,1,Planar Sandstone,0.0697,0.0138,0.0326,0.0697,-0.0559,-0.0371,0.0,0.0,0.0,0.0,False
420.0,2,Rippled Heterolithics,0.0815,0.0431,0.0031,0.0815,-0.0384,-0.0784,0.0,0.0,0.0,0.0,False
420.0,3,Carbonaceous Mudstone,0.0189,0.0053,0.004,0.0189,-0.0136,-0.0149,0.0,0.0,0.0,0.0,False
420.0,4,Coal,0.0227,0.0092,0.007,0.0227,-0.0135,-0.0157,0.0,0.0,0.0,0.0,False
420.0,5,Overbank Mudstone,0.3675,0.6129,0.5101,0.6346,0.2454,0.1426,0.2672,38.8,22.5,42.2,True
700.0,0,Channel Sandstone,0.4397,0.3562,0.55,0.5675,-0.0835,0.1103,0.1278,0.0,19.7,22.8,True
700.0,1,Planar Sandstone,0.0697,0.0136,0.028,0.0697,-0.0561,-0.0417,0.0,0.0,0.0,0.0,False
700.0,2,Rippled Heterolithics,0.0815,0.0395,0.0031,0.0815,-0.0421,-0.0784,0.0,0.0,0.0,0.0,False
700.0,3,Carbonaceous Mudstone,0.0189,0.0052,0.004,0.0189,-0.0137,-0.015,0.0,0.0,0.0,0.0,False
700.0,4,Coal,0.0227,0.0085,0.0065,0.0227,-0.0141,-0.0161,0.0,0.0,0.0,0.0,False
700.0,5,Overbank Mudstone,0.3675,0.5892,0.4506,0.4545,0.2217,0.0832,0.0871,35.1,13.1,13.8,True
1000.0,0,Channel Sandstone,0.4397,0.3503,0.536,0.4632,-0.0894,0.0963,0.0235,0.0,17.2,4.2,True
1000.0,1,Planar Sandstone,0.0697,0.0136,0.0279,0.0697,-0.0561,-0.0418,0.0,0.0,0.0,0.0,False
1000.0,2,Rippled Heterolithics,0.0815,0.0392,0.0031,0.0815,-0.0423,-0.0784,0.0,0.0,0.0,0.0,False
1000.0,3,Carbonaceous Mudstone,0.0189,0.0052,0.004,0.0189,-0.0137,-0.015,0.0,0.0,0.0,0.0,False
1000.0,4,Coal,0.0227,0.0085,0.0065,0.0227,-0.0142,-0.0161,0.0,0.0,0.0,0.0,False
1000.0,5,Overbank Mudstone,0.3675,0.585,0.4333,0.3683,0.2176,0.0659,0.0008,34.4,10.4,0.1,True
2000.0,0,Channel Sandstone,0.4397,0.3492,0.5312,0.4397,-0.0905,0.0915,0.0,0.0,16.3,0.0,True
2000.0,1,Planar Sandstone,0.0697,0.0136,0.0279,0.0697,-0.0561,-0.0418,0.0,0.0,0.0,0.0,False
2000.0,2,Rippled Heterolithics,0.0815,0.0392,0.0031,0.0815,-0.0423,-0.0784,0.0,0.0,0.0,0.0,False
2000.0,3,Carbonaceous Mudstone,0.0189,0.0052,0.004,0.0189,-0.0137,-0.015,0.0,0.0,0.0,0.0,False
2000.0,4,Coal,0.0227,0.0085,0.0065,0.0227,-0.0142,-0.0162,0.0,0.0,0.0,0.0,False
2000.0,5,Overbank Mudstone,0.3675,0.5843,0.4274,0.3675,0.2168,0.0599,0.0,34.3,9.5,0.0,True
5000.0,0,Channel Sandstone,0.4397,0.3492,0.5312,0.4397,-0.0905,0.0915,0.0,0.0,16.3,0.0,True
5000.0,1,Planar Sandstone,0.0697,0.0136,0.0279,0.0697,-0.0561,-0.0418,0.0,0.0,0.0,0.0,False
5000.0,2,Rippled Heterolithics,0.0815,0.0392,0.0031,0.0815,-0.0423,-0.0784,0.0,0.0,0.0,0.0,False
5000.0,3,Carbonaceous Mudstone,0.0189,0.0052,0.004,0.0189,-0.0137,-0.015,0.0,0.0,0.0,0.0,False
5000.0,4,Coal,0.0227,0.0085,0.0065,0.0227,-0.0142,-0.0162,0.0,0.0,0.0,0.0,False
5000.0,5,Overbank Mudstone,0.3675,0.5843,0.4273,0.3675,0.2168,0.0599,0.0,34.3,9.5,0.0,True
