vertical_reference,downstream_datum_offset_m,knn_macro_f1,knn_balanced_accuracy,knn_accuracy,near_well_macro_f1,near_well_balanced_accuracy,near_well_accuracy,prior_macro_f1,prior_accuracy
relative_to_base,-20.0,0.2219,0.2272,0.4809,0.2276,0.2291,0.4426,0.1011,0.4351
relative_to_base,-10.0,0.2172,0.2222,0.4723,0.2276,0.2291,0.4426,0.1011,0.4351
relative_to_base,-5.0,0.2197,0.2246,0.4734,0.2276,0.2291,0.4426,0.1011,0.4351
relative_to_base,0.0,0.2232,0.2281,0.4777,0.2276,0.2291,0.4426,0.1011,0.4351
relative_to_base,5.0,0.2198,0.2249,0.4777,0.2276,0.2291,0.4426,0.1011,0.4351
relative_to_base,10.0,0.227,0.2319,0.4819,0.2276,0.2291,0.4426,0.1011,0.4351
relative_to_base,20.0,0.2164,0.2214,0.4681,0.2276,0.2291,0.4426,0.1011,0.4351
relative_to_top,-20.0,0.2278,0.232,0.4904,0.2303,0.2318,0.4585,0.1011,0.4351
relative_to_top,-10.0,0.2283,0.2323,0.4872,0.2303,0.2318,0.4585,0.1011,0.4351
relative_to_top,-5.0,0.23,0.234,0.4872,0.2303,0.2318,0.4585,0.1011,0.4351
relative_to_top,0.0,0.2256,0.2298,0.4851,0.2303,0.2318,0.4585,0.1011,0.4351
relative_to_top,5.0,0.2286,0.2325,0.483,0.2303,0.2318,0.4585,0.1011,0.4351
relative_to_top,10.0,0.2226,0.2266,0.4766,0.2303,0.2318,0.4585,0.1011,0.4351
relative_to_top,20.0,0.2274,0.2315,0.4883,0.2303,0.2318,0.4585,0.1011,0.4351
