dataset_scope,model_type,embedded,from_state_code,from_state_name,to_state_code,to_state_name,transition_count_N,transition_prob_P,from_stationary_pi,to_stationary_pi
All_12_Lithologs,Regular (1m Discretized),False,0,Channel Sandstone,0,Channel Sandstone,385.0,0.86617,0.41802,0.41802
All_12_Lithologs,Regular (1m Discretized),False,0,Channel Sandstone,1,Planar Sandstone,2.0,0.00472,0.41802,0.06165
All_12_Lithologs,Regular (1m Discretized),False,0,Channel Sandstone,2,Rippled Heterolithics,8.0,0.01822,0.41802,0.0764
All_12_Lithologs,Regular (1m Discretized),False,0,Channel Sandstone,3,Carbonaceous Mudstone,4.0,0.00922,0.41802,0.02012
All_12_Lithologs,Regular (1m Discretized),False,0,Channel Sandstone,4,Coal,15.0,0.03396,0.41802,0.03183
All_12_Lithologs,Regular (1m Discretized),False,0,Channel Sandstone,5,Overbank Mudstone,30.0,0.0677,0.41802,0.39198
All_12_Lithologs,Regular (1m Discretized),False,1,Planar Sandstone,0,Channel Sandstone,2.0,0.03355,0.06165,0.41802
All_12_Lithologs,Regular (1m Discretized),False,1,Planar Sandstone,1,Planar Sandstone,19.0,0.30511,0.06165,0.06165
All_12_Lithologs,Regular (1m Discretized),False,1,Planar Sandstone,2,Rippled Heterolithics,2.0,0.03355,0.06165,0.0764
All_12_Lithologs,Regular (1m Discretized),False,1,Planar Sandstone,3,Carbonaceous Mudstone,5.0,0.08147,0.06165,0.02012
All_12_Lithologs,Regular (1m Discretized),False,1,Planar Sandstone,4,Coal,1.0,0.01757,0.06165,0.03183
All_12_Lithologs,Regular (1m Discretized),False,1,Planar Sandstone,5,Overbank Mudstone,33.0,0.52875,0.06165,0.39198
All_12_Lithologs,Regular (1m Discretized),False,2,Rippled Heterolithics,0,Channel Sandstone,6.0,0.07568,0.0764,0.41802
All_12_Lithologs,Regular (1m Discretized),False,2,Rippled Heterolithics,1,Planar Sandstone,1.0,0.01365,0.0764,0.06165
All_12_Lithologs,Regular (1m Discretized),False,2,Rippled Heterolithics,2,Rippled Heterolithics,52.0,0.6464,0.0764,0.0764
All_12_Lithologs,Regular (1m Discretized),False,2,Rippled Heterolithics,3,Carbonaceous Mudstone,4.0,0.05087,0.0764,0.02012
All_12_Lithologs,Regular (1m Discretized),False,2,Rippled Heterolithics,4,Coal,0.0,0.00124,0.0764,0.03183
All_12_Lithologs,Regular (1m Discretized),False,2,Rippled Heterolithics,5,Overbank Mudstone,17.0,0.21216,0.0764,0.39198
All_12_Lithologs,Regular (1m Discretized),False,3,Carbonaceous Mudstone,0,Channel Sandstone,2.0,0.10194,0.02012,0.41802
All_12_Lithologs,Regular (1m Discretized),False,3,Carbonaceous Mudstone,1,Planar Sandstone,5.0,0.24757,0.02012,0.06165
All_12_Lithologs,Regular (1m Discretized),False,3,Carbonaceous Mudstone,2,Rippled Heterolithics,5.0,0.24757,0.02012,0.0764
All_12_Lithologs,Regular (1m Discretized),False,3,Carbonaceous Mudstone,3,Carbonaceous Mudstone,1.0,0.0534,0.02012,0.02012
All_12_Lithologs,Regular (1m Discretized),False,3,Carbonaceous Mudstone,4,Coal,2.0,0.10194,0.02012,0.03183
All_12_Lithologs,Regular (1m Discretized),False,3,Carbonaceous Mudstone,5,Overbank Mudstone,5.0,0.24757,0.02012,0.39198
All_12_Lithologs,Regular (1m Discretized),False,4,Coal,0,Channel Sandstone,2.0,0.06646,0.03183,0.41802
All_12_Lithologs,Regular (1m Discretized),False,4,Coal,1,Planar Sandstone,1.0,0.03481,0.03183,0.06165
All_12_Lithologs,Regular (1m Discretized),False,4,Coal,2,Rippled Heterolithics,7.0,0.22468,0.03183,0.0764
All_12_Lithologs,Regular (1m Discretized),False,4,Coal,3,Carbonaceous Mudstone,3.0,0.0981,0.03183,0.02012
All_12_Lithologs,Regular (1m Discretized),False,4,Coal,4,Coal,6.0,0.19304,0.03183,0.03183
All_12_Lithologs,Regular (1m Discretized),False,4,Coal,5,Overbank Mudstone,12.0,0.38291,0.03183,0.39198
All_12_Lithologs,Regular (1m Discretized),False,5,Overbank Mudstone,0,Channel Sandstone,43.0,0.11206,0.39198,0.41802
All_12_Lithologs,Regular (1m Discretized),False,5,Overbank Mudstone,1,Planar Sandstone,33.0,0.08606,0.39198,0.06165
All_12_Lithologs,Regular (1m Discretized),False,5,Overbank Mudstone,2,Rippled Heterolithics,5.0,0.01326,0.39198,0.0764
All_12_Lithologs,Regular (1m Discretized),False,5,Overbank Mudstone,3,Carbonaceous Mudstone,3.0,0.00806,0.39198,0.02012
All_12_Lithologs,Regular (1m Discretized),False,5,Overbank Mudstone,4,Coal,8.0,0.02106,0.39198,0.03183
All_12_Lithologs,Regular (1m Discretized),False,5,Overbank Mudstone,5,Overbank Mudstone,292.0,0.75949,0.39198,0.39198
All_12_Lithologs,Embedded (Continuous Beds),True,0,Channel Sandstone,0,Channel Sandstone,0.0,0.0,0.20196,0.20196
All_12_Lithologs,Embedded (Continuous Beds),True,0,Channel Sandstone,1,Planar Sandstone,2.0,0.03471,0.20196,0.15215
All_12_Lithologs,Embedded (Continuous Beds),True,0,Channel Sandstone,2,Rippled Heterolithics,8.0,0.13388,0.20196,0.10561
All_12_Lithologs,Embedded (Continuous Beds),True,0,Channel Sandstone,3,Carbonaceous Mudstone,4.0,0.06777,0.20196,0.0846
All_12_Lithologs,Embedded (Continuous Beds),True,0,Channel Sandstone,4,Coal,14.0,0.23306,0.20196,0.10211
All_12_Lithologs,Embedded (Continuous Beds),True,0,Channel Sandstone,5,Overbank Mudstone,32.0,0.53058,0.20196,0.35357
All_12_Lithologs,Embedded (Continuous Beds),True,1,Planar Sandstone,0,Channel Sandstone,2.0,0.04828,0.15215,0.20196
All_12_Lithologs,Embedded (Continuous Beds),True,1,Planar Sandstone,1,Planar Sandstone,0.0,0.0,0.15215,0.15215
All_12_Lithologs,Embedded (Continuous Beds),True,1,Planar Sandstone,2,Rippled Heterolithics,2.0,0.04828,0.15215,0.10561
All_12_Lithologs,Embedded (Continuous Beds),True,1,Planar Sandstone,3,Carbonaceous Mudstone,5.0,0.11724,0.15215,0.0846
All_12_Lithologs,Embedded (Continuous Beds),True,1,Planar Sandstone,4,Coal,1.0,0.02529,0.15215,0.10211
All_12_Lithologs,Embedded (Continuous Beds),True,1,Planar Sandstone,5,Overbank Mudstone,33.0,0.76092,0.15215,0.35357
All_12_Lithologs,Embedded (Continuous Beds),True,2,Rippled Heterolithics,0,Channel Sandstone,7.0,0.2254,0.10561,0.20196
All_12_Lithologs,Embedded (Continuous Beds),True,2,Rippled Heterolithics,1,Planar Sandstone,1.0,0.03492,0.10561,0.15215
All_12_Lithologs,Embedded (Continuous Beds),True,2,Rippled Heterolithics,2,Rippled Heterolithics,0.0,0.0,0.10561,0.10561
All_12_Lithologs,Embedded (Continuous Beds),True,2,Rippled Heterolithics,3,Carbonaceous Mudstone,5.0,0.1619,0.10561,0.0846
All_12_Lithologs,Embedded (Continuous Beds),True,2,Rippled Heterolithics,4,Coal,1.0,0.03492,0.10561,0.10211
All_12_Lithologs,Embedded (Continuous Beds),True,2,Rippled Heterolithics,5,Overbank Mudstone,17.0,0.54286,0.10561,0.35357
All_12_Lithologs,Embedded (Continuous Beds),True,3,Carbonaceous Mudstone,0,Channel Sandstone,3.0,0.12653,0.0846,0.20196
All_12_Lithologs,Embedded (Continuous Beds),True,3,Carbonaceous Mudstone,1,Planar Sandstone,5.0,0.20816,0.0846,0.15215
All_12_Lithologs,Embedded (Continuous Beds),True,3,Carbonaceous Mudstone,2,Rippled Heterolithics,6.0,0.24898,0.0846,0.10561
All_12_Lithologs,Embedded (Continuous Beds),True,3,Carbonaceous Mudstone,3,Carbonaceous Mudstone,0.0,0.0,0.0846,0.0846
All_12_Lithologs,Embedded (Continuous Beds),True,3,Carbonaceous Mudstone,4,Coal,2.0,0.08571,0.0846,0.10211
All_12_Lithologs,Embedded (Continuous Beds),True,3,Carbonaceous Mudstone,5,Overbank Mudstone,8.0,0.33061,0.0846,0.35357
All_12_Lithologs,Embedded (Continuous Beds),True,4,Coal,0,Channel Sandstone,1.0,0.03729,0.10211,0.20196
All_12_Lithologs,Embedded (Continuous Beds),True,4,Coal,1,Planar Sandstone,1.0,0.03729,0.10211,0.15215
All_12_Lithologs,Embedded (Continuous Beds),True,4,Coal,2,Rippled Heterolithics,8.0,0.27458,0.10211,0.10561
All_12_Lithologs,Embedded (Continuous Beds),True,4,Coal,3,Carbonaceous Mudstone,6.0,0.20678,0.10211,0.0846
All_12_Lithologs,Embedded (Continuous Beds),True,4,Coal,4,Coal,0.0,0.0,0.10211,0.10211
All_12_Lithologs,Embedded (Continuous Beds),True,4,Coal,5,Overbank Mudstone,13.0,0.44407,0.10211,0.35357
All_12_Lithologs,Embedded (Continuous Beds),True,5,Overbank Mudstone,0,Channel Sandstone,43.0,0.44205,0.35357,0.20196
All_12_Lithologs,Embedded (Continuous Beds),True,5,Overbank Mudstone,1,Planar Sandstone,33.0,0.33949,0.35357,0.15215
All_12_Lithologs,Embedded (Continuous Beds),True,5,Overbank Mudstone,2,Rippled Heterolithics,6.0,0.06256,0.35357,0.10561
All_12_Lithologs,Embedded (Continuous Beds),True,5,Overbank Mudstone,3,Carbonaceous Mudstone,4.0,0.04205,0.35357,0.0846
All_12_Lithologs,Embedded (Continuous Beds),True,5,Overbank Mudstone,4,Coal,11.0,0.11385,0.35357,0.10211
All_12_Lithologs,Embedded (Continuous Beds),True,5,Overbank Mudstone,5,Overbank Mudstone,0.0,0.0,0.35357,0.35357
Upstream,Regular (1m Discretized),False,0,Channel Sandstone,0,Channel Sandstone,255.0,0.88087,0.41182,0.41182
Upstream,Regular (1m Discretized),False,0,Channel Sandstone,1,Planar Sandstone,1.0,0.0038,0.41182,0.08008
Upstream,Regular (1m Discretized),False,0,Channel Sandstone,2,Rippled Heterolithics,5.0,0.01761,0.41182,0.04922
Upstream,Regular (1m Discretized),False,0,Channel Sandstone,3,Carbonaceous Mudstone,1.0,0.0038,0.41182,0.0099
Upstream,Regular (1m Discretized),False,0,Channel Sandstone,4,Coal,9.0,0.03142,0.41182,0.01984
Upstream,Regular (1m Discretized),False,0,Channel Sandstone,5,Overbank Mudstone,18.0,0.0625,0.41182,0.42913
Upstream,Regular (1m Discretized),False,1,Planar Sandstone,0,Channel Sandstone,0.0,0.00194,0.08008,0.41182
Upstream,Regular (1m Discretized),False,1,Planar Sandstone,1,Planar Sandstone,17.0,0.3314,0.08008,0.08008
Upstream,Regular (1m Discretized),False,1,Planar Sandstone,2,Rippled Heterolithics,1.0,0.02132,0.08008,0.04922
Upstream,Regular (1m Discretized),False,1,Planar Sandstone,3,Carbonaceous Mudstone,3.0,0.06008,0.08008,0.0099
Upstream,Regular (1m Discretized),False,1,Planar Sandstone,4,Coal,1.0,0.02132,0.08008,0.01984
Upstream,Regular (1m Discretized),False,1,Planar Sandstone,5,Overbank Mudstone,29.0,0.56395,0.08008,0.42913
Upstream,Regular (1m Discretized),False,2,Rippled Heterolithics,0,Channel Sandstone,2.0,0.0625,0.04922,0.41182
Upstream,Regular (1m Discretized),False,2,Rippled Heterolithics,1,Planar Sandstone,1.0,0.03274,0.04922,0.08008
Upstream,Regular (1m Discretized),False,2,Rippled Heterolithics,2,Rippled Heterolithics,20.0,0.59821,0.04922,0.04922
Upstream,Regular (1m Discretized),False,2,Rippled Heterolithics,3,Carbonaceous Mudstone,1.0,0.03274,0.04922,0.0099
Upstream,Regular (1m Discretized),False,2,Rippled Heterolithics,4,Coal,0.0,0.00298,0.04922,0.01984
Upstream,Regular (1m Discretized),False,2,Rippled Heterolithics,5,Overbank Mudstone,9.0,0.27083,0.04922,0.42913
Upstream,Regular (1m Discretized),False,3,Carbonaceous Mudstone,0,Channel Sandstone,0.0,0.01515,0.0099,0.41182
Upstream,Regular (1m Discretized),False,3,Carbonaceous Mudstone,1,Planar Sandstone,4.0,0.62121,0.0099,0.08008
Upstream,Regular (1m Discretized),False,3,Carbonaceous Mudstone,2,Rippled Heterolithics,1.0,0.16667,0.0099,0.04922
Upstream,Regular (1m Discretized),False,3,Carbonaceous Mudstone,3,Carbonaceous Mudstone,0.0,0.01515,0.0099,0.0099
Upstream,Regular (1m Discretized),False,3,Carbonaceous Mudstone,4,Coal,0.0,0.01515,0.0099,0.01984
Upstream,Regular (1m Discretized),False,3,Carbonaceous Mudstone,5,Overbank Mudstone,1.0,0.16667,0.0099,0.42913
Upstream,Regular (1m Discretized),False,4,Coal,0,Channel Sandstone,1.0,0.08088,0.01984,0.41182
Upstream,Regular (1m Discretized),False,4,Coal,1,Planar Sandstone,0.0,0.00735,0.01984,0.08008
Upstream,Regular (1m Discretized),False,4,Coal,2,Rippled Heterolithics,5.0,0.375,0.01984,0.04922
Upstream,Regular (1m Discretized),False,4,Coal,3,Carbonaceous Mudstone,1.0,0.08088,0.01984,0.0099
Upstream,Regular (1m Discretized),False,4,Coal,4,Coal,1.0,0.08088,0.01984,0.01984
Upstream,Regular (1m Discretized),False,4,Coal,5,Overbank Mudstone,5.0,0.375,0.01984,0.42913
Upstream,Regular (1m Discretized),False,5,Overbank Mudstone,0,Channel Sandstone,28.0,0.1027,0.42913,0.41182
Upstream,Regular (1m Discretized),False,5,Overbank Mudstone,1,Planar Sandstone,28.0,0.1027,0.42913,0.08008
Upstream,Regular (1m Discretized),False,5,Overbank Mudstone,2,Rippled Heterolithics,1.0,0.00402,0.42913,0.04922
Upstream,Regular (1m Discretized),False,5,Overbank Mudstone,3,Carbonaceous Mudstone,0.0,0.00037,0.42913,0.0099
Upstream,Regular (1m Discretized),False,5,Overbank Mudstone,4,Coal,2.0,0.00768,0.42913,0.01984
Upstream,Regular (1m Discretized),False,5,Overbank Mudstone,5,Overbank Mudstone,214.0,0.78253,0.42913,0.42913
Upstream,Embedded (Continuous Beds),True,0,Channel Sandstone,0,Channel Sandstone,0.0,0.0,0.20132,0.20132
Upstream,Embedded (Continuous Beds),True,0,Channel Sandstone,1,Planar Sandstone,1.0,0.03188,0.20132,0.21972
Upstream,Embedded (Continuous Beds),True,0,Channel Sandstone,2,Rippled Heterolithics,5.0,0.14783,0.20132,0.08115
Upstream,Embedded (Continuous Beds),True,0,Channel Sandstone,3,Carbonaceous Mudstone,1.0,0.03188,0.20132,0.04
Upstream,Embedded (Continuous Beds),True,0,Channel Sandstone,4,Coal,9.0,0.26377,0.20132,0.07484
Upstream,Embedded (Continuous Beds),True,0,Channel Sandstone,5,Overbank Mudstone,18.0,0.52464,0.20132,0.38296
Upstream,Embedded (Continuous Beds),True,1,Planar Sandstone,0,Channel Sandstone,0.0,0.0029,0.21972,0.20132
Upstream,Embedded (Continuous Beds),True,1,Planar Sandstone,1,Planar Sandstone,0.0,0.0,0.21972,0.21972
Upstream,Embedded (Continuous Beds),True,1,Planar Sandstone,2,Rippled Heterolithics,1.0,0.03188,0.21972,0.08115
Upstream,Embedded (Continuous Beds),True,1,Planar Sandstone,3,Carbonaceous Mudstone,3.0,0.08986,0.21972,0.04
Upstream,Embedded (Continuous Beds),True,1,Planar Sandstone,4,Coal,1.0,0.03188,0.21972,0.07484
Upstream,Embedded (Continuous Beds),True,1,Planar Sandstone,5,Overbank Mudstone,29.0,0.84348,0.21972,0.38296
Upstream,Embedded (Continuous Beds),True,2,Rippled Heterolithics,0,Channel Sandstone,2.0,0.15556,0.08115,0.20132
Upstream,Embedded (Continuous Beds),True,2,Rippled Heterolithics,1,Planar Sandstone,1.0,0.08148,0.08115,0.21972
Upstream,Embedded (Continuous Beds),True,2,Rippled Heterolithics,2,Rippled Heterolithics,0.0,0.0,0.08115,0.08115
Upstream,Embedded (Continuous Beds),True,2,Rippled Heterolithics,3,Carbonaceous Mudstone,1.0,0.08148,0.08115,0.04
Upstream,Embedded (Continuous Beds),True,2,Rippled Heterolithics,4,Coal,0.0,0.00741,0.08115,0.07484
Upstream,Embedded (Continuous Beds),True,2,Rippled Heterolithics,5,Overbank Mudstone,9.0,0.67407,0.08115,0.38296
Upstream,Embedded (Continuous Beds),True,3,Carbonaceous Mudstone,0,Channel Sandstone,0.0,0.01538,0.04,0.20132
Upstream,Embedded (Continuous Beds),True,3,Carbonaceous Mudstone,1,Planar Sandstone,4.0,0.63077,0.04,0.21972
Upstream,Embedded (Continuous Beds),True,3,Carbonaceous Mudstone,2,Rippled Heterolithics,1.0,0.16923,0.04,0.08115
Upstream,Embedded (Continuous Beds),True,3,Carbonaceous Mudstone,3,Carbonaceous Mudstone,0.0,0.0,0.04,0.04
Upstream,Embedded (Continuous Beds),True,3,Carbonaceous Mudstone,4,Coal,0.0,0.01538,0.04,0.07484
Upstream,Embedded (Continuous Beds),True,3,Carbonaceous Mudstone,5,Overbank Mudstone,1.0,0.16923,0.04,0.38296
Upstream,Embedded (Continuous Beds),True,4,Coal,0,Channel Sandstone,1.0,0.088,0.07484,0.20132
Upstream,Embedded (Continuous Beds),True,4,Coal,1,Planar Sandstone,0.0,0.008,0.07484,0.21972
Upstream,Embedded (Continuous Beds),True,4,Coal,2,Rippled Heterolithics,5.0,0.408,0.07484,0.08115
Upstream,Embedded (Continuous Beds),True,4,Coal,3,Carbonaceous Mudstone,1.0,0.088,0.07484,0.04
Upstream,Embedded (Continuous Beds),True,4,Coal,4,Coal,0.0,0.0,0.07484,0.07484
Upstream,Embedded (Continuous Beds),True,4,Coal,5,Overbank Mudstone,5.0,0.408,0.07484,0.38296
Upstream,Embedded (Continuous Beds),True,5,Overbank Mudstone,0,Channel Sandstone,28.0,0.47227,0.38296,0.20132
Upstream,Embedded (Continuous Beds),True,5,Overbank Mudstone,1,Planar Sandstone,28.0,0.47227,0.38296,0.21972
Upstream,Embedded (Continuous Beds),True,5,Overbank Mudstone,2,Rippled Heterolithics,1.0,0.01849,0.38296,0.08115
Upstream,Embedded (Continuous Beds),True,5,Overbank Mudstone,3,Carbonaceous Mudstone,0.0,0.00168,0.38296,0.04
Upstream,Embedded (Continuous Beds),True,5,Overbank Mudstone,4,Coal,2.0,0.03529,0.38296,0.07484
Upstream,Embedded (Continuous Beds),True,5,Overbank Mudstone,5,Overbank Mudstone,0.0,0.0,0.38296,0.38296
Downstream_Composite,Regular (1m Discretized),False,0,Channel Sandstone,0,Channel Sandstone,99.0,0.82172,0.45189,0.45189
Downstream_Composite,Regular (1m Discretized),False,0,Channel Sandstone,1,Planar Sandstone,1.0,0.00912,0.45189,0.04009
Downstream_Composite,Regular (1m Discretized),False,0,Channel Sandstone,2,Rippled Heterolithics,2.0,0.01741,0.45189,0.1556
Downstream_Composite,Regular (1m Discretized),False,0,Channel Sandstone,3,Carbonaceous Mudstone,3.0,0.0257,0.45189,0.04222
Downstream_Composite,Regular (1m Discretized),False,0,Channel Sandstone,4,Coal,4.0,0.034,0.45189,0.04952
Downstream_Composite,Regular (1m Discretized),False,0,Channel Sandstone,5,Overbank Mudstone,11.0,0.09204,0.45189,0.26068
Downstream_Composite,Regular (1m Discretized),False,1,Planar Sandstone,0,Channel Sandstone,2.0,0.18103,0.04009,0.45189
Downstream_Composite,Regular (1m Discretized),False,1,Planar Sandstone,1,Planar Sandstone,2.0,0.18103,0.04009,0.04009
Downstream_Composite,Regular (1m Discretized),False,1,Planar Sandstone,2,Rippled Heterolithics,1.0,0.09483,0.04009,0.1556
Downstream_Composite,Regular (1m Discretized),False,1,Planar Sandstone,3,Carbonaceous Mudstone,2.0,0.18103,0.04009,0.04222
Downstream_Composite,Regular (1m Discretized),False,1,Planar Sandstone,4,Coal,0.0,0.00862,0.04009,0.04952
Downstream_Composite,Regular (1m Discretized),False,1,Planar Sandstone,5,Overbank Mudstone,4.0,0.35345,0.04009,0.26068
Downstream_Composite,Regular (1m Discretized),False,2,Rippled Heterolithics,0,Channel Sandstone,4.0,0.09193,0.1556,0.45189
Downstream_Composite,Regular (1m Discretized),False,2,Rippled Heterolithics,1,Planar Sandstone,0.0,0.00224,0.1556,0.04009
Downstream_Composite,Regular (1m Discretized),False,2,Rippled Heterolithics,2,Rippled Heterolithics,31.0,0.69731,0.1556,0.1556
Downstream_Composite,Regular (1m Discretized),False,2,Rippled Heterolithics,3,Carbonaceous Mudstone,3.0,0.06951,0.1556,0.04222
Downstream_Composite,Regular (1m Discretized),False,2,Rippled Heterolithics,4,Coal,0.0,0.00224,0.1556,0.04952
Downstream_Composite,Regular (1m Discretized),False,2,Rippled Heterolithics,5,Overbank Mudstone,6.0,0.13677,0.1556,0.26068
Downstream_Composite,Regular (1m Discretized),False,3,Carbonaceous Mudstone,0,Channel Sandstone,2.0,0.18103,0.04222,0.45189
Downstream_Composite,Regular (1m Discretized),False,3,Carbonaceous Mudstone,1,Planar Sandstone,1.0,0.09483,0.04222,0.04009
Downstream_Composite,Regular (1m Discretized),False,3,Carbonaceous Mudstone,2,Rippled Heterolithics,4.0,0.35345,0.04222,0.1556
Downstream_Composite,Regular (1m Discretized),False,3,Carbonaceous Mudstone,3,Carbonaceous Mudstone,1.0,0.09483,0.04222,0.04222
Downstream_Composite,Regular (1m Discretized),False,3,Carbonaceous Mudstone,4,Coal,1.0,0.09483,0.04222,0.04952
Downstream_Composite,Regular (1m Discretized),False,3,Carbonaceous Mudstone,5,Overbank Mudstone,2.0,0.18103,0.04222,0.26068
Downstream_Composite,Regular (1m Discretized),False,4,Coal,0,Channel Sandstone,1.0,0.09483,0.04952,0.45189
Downstream_Composite,Regular (1m Discretized),False,4,Coal,1,Planar Sandstone,1.0,0.09483,0.04952,0.04009
Downstream_Composite,Regular (1m Discretized),False,4,Coal,2,Rippled Heterolithics,1.0,0.09483,0.04952,0.1556
Downstream_Composite,Regular (1m Discretized),False,4,Coal,3,Carbonaceous Mudstone,0.0,0.00862,0.04952,0.04222
Downstream_Composite,Regular (1m Discretized),False,4,Coal,4,Coal,4.0,0.35345,0.04952,0.04952
Downstream_Composite,Regular (1m Discretized),False,4,Coal,5,Overbank Mudstone,4.0,0.35345,0.04952,0.26068
Downstream_Composite,Regular (1m Discretized),False,5,Overbank Mudstone,0,Channel Sandstone,12.0,0.17899,0.26068,0.45189
Downstream_Composite,Regular (1m Discretized),False,5,Overbank Mudstone,1,Planar Sandstone,5.0,0.07544,0.26068,0.04009
Downstream_Composite,Regular (1m Discretized),False,5,Overbank Mudstone,2,Rippled Heterolithics,4.0,0.06065,0.26068,0.1556
Downstream_Composite,Regular (1m Discretized),False,5,Overbank Mudstone,3,Carbonaceous Mudstone,2.0,0.03107,0.26068,0.04222
Downstream_Composite,Regular (1m Discretized),False,5,Overbank Mudstone,4,Coal,3.0,0.04586,0.26068,0.04952
Downstream_Composite,Regular (1m Discretized),False,5,Overbank Mudstone,5,Overbank Mudstone,41.0,0.60799,0.26068,0.26068
Downstream_Composite,Embedded (Continuous Beds),True,0,Channel Sandstone,0,Channel Sandstone,0.0,0.0,0.21119,0.21119
Downstream_Composite,Embedded (Continuous Beds),True,0,Channel Sandstone,1,Planar Sandstone,1.0,0.04889,0.21119,0.08173
Downstream_Composite,Embedded (Continuous Beds),True,0,Channel Sandstone,2,Rippled Heterolithics,2.0,0.09333,0.21119,0.1462
Downstream_Composite,Embedded (Continuous Beds),True,0,Channel Sandstone,3,Carbonaceous Mudstone,3.0,0.13778,0.21119,0.14333
Downstream_Composite,Embedded (Continuous Beds),True,0,Channel Sandstone,4,Coal,3.0,0.13778,0.21119,0.10952
Downstream_Composite,Embedded (Continuous Beds),True,0,Channel Sandstone,5,Overbank Mudstone,13.0,0.58222,0.21119,0.30802
Downstream_Composite,Embedded (Continuous Beds),True,1,Planar Sandstone,0,Channel Sandstone,2.0,0.22105,0.08173,0.21119
Downstream_Composite,Embedded (Continuous Beds),True,1,Planar Sandstone,1,Planar Sandstone,0.0,0.0,0.08173,0.08173
Downstream_Composite,Embedded (Continuous Beds),True,1,Planar Sandstone,2,Rippled Heterolithics,1.0,0.11579,0.08173,0.1462
Downstream_Composite,Embedded (Continuous Beds),True,1,Planar Sandstone,3,Carbonaceous Mudstone,2.0,0.22105,0.08173,0.14333
Downstream_Composite,Embedded (Continuous Beds),True,1,Planar Sandstone,4,Coal,0.0,0.01053,0.08173,0.10952
Downstream_Composite,Embedded (Continuous Beds),True,1,Planar Sandstone,5,Overbank Mudstone,4.0,0.43158,0.08173,0.30802
Downstream_Composite,Embedded (Continuous Beds),True,2,Rippled Heterolithics,0,Channel Sandstone,5.0,0.30909,0.1462,0.21119
Downstream_Composite,Embedded (Continuous Beds),True,2,Rippled Heterolithics,1,Planar Sandstone,0.0,0.00606,0.1462,0.08173
Downstream_Composite,Embedded (Continuous Beds),True,2,Rippled Heterolithics,2,Rippled Heterolithics,0.0,0.0,0.1462,0.1462
Downstream_Composite,Embedded (Continuous Beds),True,2,Rippled Heterolithics,3,Carbonaceous Mudstone,4.0,0.24848,0.1462,0.14333
Downstream_Composite,Embedded (Continuous Beds),True,2,Rippled Heterolithics,4,Coal,1.0,0.06667,0.1462,0.10952
Downstream_Composite,Embedded (Continuous Beds),True,2,Rippled Heterolithics,5,Overbank Mudstone,6.0,0.3697,0.1462,0.30802
Downstream_Composite,Embedded (Continuous Beds),True,3,Carbonaceous Mudstone,0,Channel Sandstone,3.0,0.2,0.14333,0.21119
Downstream_Composite,Embedded (Continuous Beds),True,3,Carbonaceous Mudstone,1,Planar Sandstone,1.0,0.07097,0.14333,0.08173
Downstream_Composite,Embedded (Continuous Beds),True,3,Carbonaceous Mudstone,2,Rippled Heterolithics,5.0,0.32903,0.14333,0.1462
Downstream_Composite,Embedded (Continuous Beds),True,3,Carbonaceous Mudstone,3,Carbonaceous Mudstone,0.0,0.0,0.14333,0.14333
Downstream_Composite,Embedded (Continuous Beds),True,3,Carbonaceous Mudstone,4,Coal,1.0,0.07097,0.14333,0.10952
Downstream_Composite,Embedded (Continuous Beds),True,3,Carbonaceous Mudstone,5,Overbank Mudstone,5.0,0.32903,0.14333,0.30802
Downstream_Composite,Embedded (Continuous Beds),True,4,Coal,0,Channel Sandstone,0.0,0.0087,0.10952,0.21119
Downstream_Composite,Embedded (Continuous Beds),True,4,Coal,1,Planar Sandstone,1.0,0.09565,0.10952,0.08173
Downstream_Composite,Embedded (Continuous Beds),True,4,Coal,2,Rippled Heterolithics,2.0,0.18261,0.10952,0.1462
Downstream_Composite,Embedded (Continuous Beds),True,4,Coal,3,Carbonaceous Mudstone,3.0,0.26957,0.10952,0.14333
Downstream_Composite,Embedded (Continuous Beds),True,4,Coal,4,Coal,0.0,0.0,0.10952,0.10952
Downstream_Composite,Embedded (Continuous Beds),True,4,Coal,5,Overbank Mudstone,5.0,0.44348,0.10952,0.30802
Downstream_Composite,Embedded (Continuous Beds),True,5,Overbank Mudstone,0,Channel Sandstone,12.0,0.38413,0.30802,0.21119
Downstream_Composite,Embedded (Continuous Beds),True,5,Overbank Mudstone,1,Planar Sandstone,5.0,0.1619,0.30802,0.08173
Downstream_Composite,Embedded (Continuous Beds),True,5,Overbank Mudstone,2,Rippled Heterolithics,5.0,0.1619,0.30802,0.1462
Downstream_Composite,Embedded (Continuous Beds),True,5,Overbank Mudstone,3,Carbonaceous Mudstone,3.0,0.09841,0.30802,0.14333
Downstream_Composite,Embedded (Continuous Beds),True,5,Overbank Mudstone,4,Coal,6.0,0.19365,0.30802,0.10952
Downstream_Composite,Embedded (Continuous Beds),True,5,Overbank Mudstone,5,Overbank Mudstone,0.0,0.0,0.30802,0.30802
