target_log_id,provenance_category,coordinates_available,group,embedded,use_discretized,sequence_length,evaluated_transitions,initial_state_facies,initial_state_code,initial_state_prob,initial_state_log_score,total_transition_log_score,mean_transition_log_score,transition_perplexity,total_sequence_log_score,gap_crossing_transitions_count,mean_transition_log_score_gap_masked,transition_perplexity_gap_masked,sequence_log_likelihood,mean_transition_log_likelihood,sequence_perplexity,stationary_tv_distance,stationary_l1_distance,stationary_rmse,matrix_frobenius_divergence,target_proportions,training_stationary_proportions,num_training_logs,training_log_ids
litholog1,source_derived,False,unassigned_no_coords,False,True,93,92,sand,0,0.26724,-1.3196,-75.0078,-0.8153,2.2599,-76.3274,0,-0.8153,2.2599,-76.3274,-0.8153,2.2599,0.1662,0.3324,0.0618,0.9833,"{'sand': 0.3763, 'p_sand': 0.0, 'ripples': 0.0323, 'carbon_mud': 0.0323, 'coal': 0.0753, 'mud': 0.4839}","{'sand': 0.4266, 'p_sand': 0.0674, 'ripples': 0.0808, 'carbon_mud': 0.0188, 'coal': 0.0275, 'mud': 0.379}",11,"litholog2,litholog3,litholog4,litholog5,litholog6,litholog7,litholog8,litholog9,litholog10,litholog11,litholog12"
litholog2,ai_reconstructed,True,upstream,False,True,93,92,sand,0,0.26724,-1.3196,-56.3912,-0.6129,1.8459,-57.7108,0,-0.6129,1.8459,-57.7108,-0.6129,1.8459,0.1985,0.397,0.0842,0.6228,"{'sand': 0.5806, 'p_sand': 0.0, 'ripples': 0.043, 'carbon_mud': 0.0, 'coal': 0.0538, 'mud': 0.3226}","{'sand': 0.4063, 'p_sand': 0.0673, 'ripples': 0.0797, 'carbon_mud': 0.0221, 'coal': 0.0296, 'mud': 0.395}",11,"litholog1,litholog3,litholog4,litholog5,litholog6,litholog7,litholog8,litholog9,litholog10,litholog11,litholog12"
litholog3,ai_reconstructed,True,upstream,False,True,93,92,sand,0,0.26724,-1.3196,-36.9519,-0.4017,1.4943,-38.2715,0,-0.4017,1.4943,-38.2715,-0.4017,1.4943,0.3396,0.6791,0.1668,0.6472,"{'sand': 0.7312, 'p_sand': 0.0, 'ripples': 0.0538, 'carbon_mud': 0.0, 'coal': 0.0215, 'mud': 0.1935}","{'sand': 0.3916, 'p_sand': 0.0672, 'ripples': 0.0786, 'carbon_mud': 0.0221, 'coal': 0.0329, 'mud': 0.4076}",11,"litholog1,litholog2,litholog4,litholog5,litholog6,litholog7,litholog8,litholog9,litholog10,litholog11,litholog12"
litholog4,ai_reconstructed,True,upstream,False,True,84,83,mud,5,0.43966,-0.8218,-54.8622,-0.661,1.9367,-55.6839,0,-0.661,1.9367,-55.6839,-0.661,1.9367,0.1027,0.2054,0.0458,1.0252,"{'sand': 0.369, 'p_sand': 0.0714, 'ripples': 0.0476, 'carbon_mud': 0.0119, 'coal': 0.0238, 'mud': 0.4762}","{'sand': 0.4227, 'p_sand': 0.0606, 'ripples': 0.0789, 'carbon_mud': 0.0208, 'coal': 0.0326, 'mud': 0.3843}",11,"litholog1,litholog2,litholog3,litholog5,litholog6,litholog7,litholog8,litholog9,litholog10,litholog11,litholog12"
litholog5,ai_reconstructed,True,upstream,False,True,84,83,sand,0,0.26724,-1.3196,-57.0023,-0.6868,1.9873,-58.3219,0,-0.6868,1.9873,-58.3219,-0.6868,1.9873,0.1214,0.2428,0.0557,1.0173,"{'sand': 0.3929, 'p_sand': 0.0357, 'ripples': 0.0357, 'carbon_mud': 0.0119, 'coal': 0.0238, 'mud': 0.5}","{'sand': 0.4242, 'p_sand': 0.0634, 'ripples': 0.0802, 'carbon_mud': 0.0209, 'coal': 0.0327, 'mud': 0.3786}",11,"litholog1,litholog2,litholog3,litholog4,litholog6,litholog7,litholog8,litholog9,litholog10,litholog11,litholog12"
litholog6,ai_reconstructed,True,upstream,False,True,84,83,mud,5,0.43966,-0.8218,-61.4297,-0.7401,2.0962,-62.2515,0,-0.7401,2.0962,-62.2515,-0.7401,2.0962,0.1038,0.2075,0.0473,0.6986,"{'sand': 0.3929, 'p_sand': 0.0595, 'ripples': 0.0476, 'carbon_mud': 0.0, 'coal': 0.0119, 'mud': 0.4881}","{'sand': 0.4196, 'p_sand': 0.0618, 'ripples': 0.0789, 'carbon_mud': 0.0219, 'coal': 0.0336, 'mud': 0.3843}",11,"litholog1,litholog2,litholog3,litholog4,litholog5,litholog7,litholog8,litholog9,litholog10,litholog11,litholog12"
litholog7,ai_reconstructed,True,upstream,False,True,79,78,mud,5,0.43966,-0.8218,-61.0361,-0.7825,2.187,-61.8579,0,-0.7825,2.187,-61.8579,-0.7825,2.187,0.1382,0.2764,0.067,0.428,"{'sand': 0.3418, 'p_sand': 0.0633, 'ripples': 0.0759, 'carbon_mud': 0.0, 'coal': 0.0, 'mud': 0.519}","{'sand': 0.4231, 'p_sand': 0.0615, 'ripples': 0.0766, 'carbon_mud': 0.0218, 'coal': 0.0344, 'mud': 0.3825}",11,"litholog1,litholog2,litholog3,litholog4,litholog5,litholog6,litholog8,litholog9,litholog10,litholog11,litholog12"
litholog8,ai_reconstructed,True,upstream,False,True,79,78,mud,5,0.43966,-0.8218,-71.8867,-0.9216,2.5134,-72.7085,0,-0.9216,2.5134,-72.7085,-0.9216,2.5134,0.2409,0.4817,0.0957,0.8923,"{'sand': 0.2785, 'p_sand': 0.1772, 'ripples': 0.0253, 'carbon_mud': 0.0253, 'coal': 0.0, 'mud': 0.4937}","{'sand': 0.4296, 'p_sand': 0.0515, 'ripples': 0.0806, 'carbon_mud': 0.0197, 'coal': 0.0345, 'mud': 0.3841}",11,"litholog1,litholog2,litholog3,litholog4,litholog5,litholog6,litholog7,litholog9,litholog10,litholog11,litholog12"
litholog9,source_derived,True,downstream,False,True,78,77,mud,5,0.43966,-0.8218,-81.4537,-1.0578,2.8801,-82.2754,4,-1.0008,2.7205,-82.2754,-1.0578,2.8801,0.1897,0.3793,0.0742,0.7573,"{'sand': 0.3718, 'p_sand': 0.0769, 'ripples': 0.1923, 'carbon_mud': 0.0641, 'coal': 0.0, 'mud': 0.2949}","{'sand': 0.4216, 'p_sand': 0.0603, 'ripples': 0.0669, 'carbon_mud': 0.0165, 'coal': 0.0344, 'mud': 0.4003}",11,"litholog1,litholog2,litholog3,litholog4,litholog5,litholog6,litholog7,litholog8,litholog10,litholog11,litholog12"
litholog10,ai_reconstructed,True,upstream,False,True,77,76,mud,5,0.43966,-0.8218,-85.5505,-1.1257,3.0823,-86.3723,0,-1.1257,3.0823,-86.3723,-1.1257,3.0823,0.1927,0.3854,0.0998,0.9569,"{'sand': 0.2727, 'p_sand': 0.2338, 'ripples': 0.0649, 'carbon_mud': 0.026, 'coal': 0.013, 'mud': 0.3896}","{'sand': 0.4291, 'p_sand': 0.0475, 'ripples': 0.077, 'carbon_mud': 0.0196, 'coal': 0.0334, 'mud': 0.3934}",11,"litholog1,litholog2,litholog3,litholog4,litholog5,litholog6,litholog7,litholog8,litholog9,litholog11,litholog12"
litholog11,source_derived_benchmarked,True,downstream,False,True,78,77,p_sand,1,0.00862,-4.7536,-70.7983,-0.9195,2.5079,-75.5519,0,-0.9195,2.5079,-75.5519,-0.9195,2.5079,0.2293,0.4586,0.117,0.7633,"{'sand': 0.4487, 'p_sand': 0.0641, 'ripples': 0.2308, 'carbon_mud': 0.0385, 'coal': 0.0385, 'mud': 0.1795}","{'sand': 0.4146, 'p_sand': 0.0627, 'ripples': 0.0638, 'carbon_mud': 0.0188, 'coal': 0.0313, 'mud': 0.4088}",11,"litholog1,litholog2,litholog3,litholog4,litholog5,litholog6,litholog7,litholog8,litholog9,litholog10,litholog12"
litholog12,digitized_core_log,True,downstream,False,True,111,110,ripples,2,0.00862,-4.7536,-150.769,-1.3706,3.9378,-155.5226,0,-1.3706,3.9378,-155.5226,-1.3706,3.9378,0.1878,0.3756,0.0737,0.9916,"{'sand': 0.5045, 'p_sand': 0.0, 'ripples': 0.0991, 'carbon_mud': 0.027, 'coal': 0.0811, 'mud': 0.2883}","{'sand': 0.4043, 'p_sand': 0.0695, 'ripples': 0.0751, 'carbon_mud': 0.0191, 'coal': 0.0254, 'mud': 0.4066}",11,"litholog1,litholog2,litholog3,litholog4,litholog5,litholog6,litholog7,litholog8,litholog9,litholog10,litholog11"
litholog1,source_derived,False,unassigned_no_coords,True,False,23,22,sand,0,0.26724,-1.3196,-32.8636,-1.4938,4.454,-34.1832,0,-1.4938,4.454,-34.1832,-1.4938,4.454,0.223,0.4459,0.1007,1.1483,"{'sand': 0.1739, 'p_sand': 0.0, 'ripples': 0.087, 'carbon_mud': 0.1304, 'coal': 0.2609, 'mud': 0.3478}","{'sand': 0.2063, 'p_sand': 0.1643, 'ripples': 0.1071, 'carbon_mud': 0.0802, 'coal': 0.0881, 'mud': 0.354}",11,"litholog2,litholog3,litholog4,litholog5,litholog6,litholog7,litholog8,litholog9,litholog10,litholog11,litholog12"
litholog2,ai_reconstructed,True,upstream,True,False,16,15,sand,0,0.26724,-1.3196,-23.2946,-1.553,4.7255,-24.6142,0,-1.553,4.7255,-24.6142,-1.553,4.7255,0.2925,0.585,0.1108,0.9683,"{'sand': 0.3125, 'p_sand': 0.0, 'ripples': 0.125, 'carbon_mud': 0.0, 'coal': 0.25, 'mud': 0.3125}","{'sand': 0.1974, 'p_sand': 0.1599, 'ripples': 0.1044, 'carbon_mud': 0.0893, 'coal': 0.0932, 'mud': 0.3558}",11,"litholog1,litholog3,litholog4,litholog5,litholog6,litholog7,litholog8,litholog9,litholog10,litholog11,litholog12"
litholog3,ai_reconstructed,True,upstream,True,False,10,9,sand,0,0.26724,-1.3196,-10.4095,-1.1566,3.1792,-11.7292,0,-1.1566,3.1792,-11.7292,-1.1566,3.1792,0.2991,0.5982,0.1041,1.186,"{'sand': 0.3, 'p_sand': 0.0, 'ripples': 0.2, 'carbon_mud': 0.0, 'coal': 0.2, 'mud': 0.3}","{'sand': 0.2001, 'p_sand': 0.1564, 'ripples': 0.1022, 'carbon_mud': 0.0874, 'coal': 0.0987, 'mud': 0.3553}",11,"litholog1,litholog2,litholog4,litholog5,litholog6,litholog7,litholog8,litholog9,litholog10,litholog11,litholog12"
litholog4,ai_reconstructed,True,upstream,True,False,20,19,mud,5,0.43966,-0.8218,-21.6,-1.1368,3.1169,-22.4218,0,-1.1368,3.1169,-22.4218,-1.1368,3.1169,0.1597,0.3193,0.0747,1.4097,"{'sand': 0.15, 'p_sand': 0.3, 'ripples': 0.05, 'carbon_mud': 0.05, 'coal': 0.1, 'mud': 0.35}","{'sand': 0.2052, 'p_sand': 0.1403, 'ripples': 0.1094, 'carbon_mud': 0.0869, 'coal': 0.1022, 'mud': 0.3559}",11,"litholog1,litholog2,litholog3,litholog5,litholog6,litholog7,litholog8,litholog9,litholog10,litholog11,litholog12"
litholog5,ai_reconstructed,True,upstream,True,False,21,20,sand,0,0.26724,-1.3196,-19.7973,-0.9899,2.6909,-21.1169,0,-0.9899,2.6909,-21.1169,-0.9899,2.6909,0.0671,0.1341,0.0262,0.964,"{'sand': 0.2381, 'p_sand': 0.1429, 'ripples': 0.0952, 'carbon_mud': 0.0476, 'coal': 0.0952, 'mud': 0.381}","{'sand': 0.2008, 'p_sand': 0.1514, 'ripples': 0.1064, 'carbon_mud': 0.0874, 'coal': 0.1027, 'mud': 0.3512}",11,"litholog1,litholog2,litholog3,litholog4,litholog6,litholog7,litholog8,litholog9,litholog10,litholog11,litholog12"
litholog6,ai_reconstructed,True,upstream,True,False,21,20,mud,5,0.43966,-0.8218,-21.0702,-1.0535,2.8677,-21.8919,0,-1.0535,2.8677,-21.8919,-1.0535,2.8677,0.2114,0.4228,0.0771,0.9577,"{'sand': 0.2381, 'p_sand': 0.1905, 'ripples': 0.0476, 'carbon_mud': 0.0, 'coal': 0.0476, 'mud': 0.4762}","{'sand': 0.1983, 'p_sand': 0.1485, 'ripples': 0.1098, 'carbon_mud': 0.0909, 'coal': 0.106, 'mud': 0.3466}",11,"litholog1,litholog2,litholog3,litholog4,litholog5,litholog7,litholog8,litholog9,litholog10,litholog11,litholog12"
litholog7,ai_reconstructed,True,upstream,True,False,21,20,mud,5,0.43966,-0.8218,-17.711,-0.8856,2.4243,-18.5328,0,-0.8856,2.4243,-18.5328,-0.8856,2.4243,0.221,0.4421,0.0872,0.7359,"{'sand': 0.2857, 'p_sand': 0.1429, 'ripples': 0.0952, 'carbon_mud': 0.0, 'coal': 0.0, 'mud': 0.4762}","{'sand': 0.1943, 'p_sand': 0.1523, 'ripples': 0.1063, 'carbon_mud': 0.0909, 'coal': 0.1096, 'mud': 0.3465}",11,"litholog1,litholog2,litholog3,litholog4,litholog5,litholog6,litholog8,litholog9,litholog10,litholog11,litholog12"
litholog8,ai_reconstructed,True,upstream,True,False,30,29,mud,5,0.43966,-0.8218,-30.6336,-1.0563,2.8758,-31.4554,0,-1.0563,2.8758,-31.4554,-1.0563,2.8758,0.3275,0.655,0.1279,1.1286,"{'sand': 0.1, 'p_sand': 0.3667, 'ripples': 0.0333, 'carbon_mud': 0.0667, 'coal': 0.0, 'mud': 0.4333}","{'sand': 0.2134, 'p_sand': 0.1258, 'ripples': 0.1138, 'carbon_mud': 0.0866, 'coal': 0.1138, 'mud': 0.3467}",11,"litholog1,litholog2,litholog3,litholog4,litholog5,litholog6,litholog7,litholog9,litholog10,litholog11,litholog12"
litholog9,source_derived,True,downstream,True,False,22,21,mud,5,0.43966,-0.8218,-42.9444,-2.045,7.7289,-43.7662,2,-1.8467,6.3391,-43.7662,-2.045,7.7289,0.2702,0.5405,0.0911,1.2773,"{'sand': 0.1364, 'p_sand': 0.2273, 'ripples': 0.1818, 'carbon_mud': 0.1818, 'coal': 0.0, 'mud': 0.2727}","{'sand': 0.2066, 'p_sand': 0.1453, 'ripples': 0.099, 'carbon_mud': 0.0764, 'coal': 0.1101, 'mud': 0.3626}",11,"litholog1,litholog2,litholog3,litholog4,litholog5,litholog6,litholog7,litholog8,litholog10,litholog11,litholog12"
litholog10,ai_reconstructed,True,upstream,True,False,27,26,mud,5,0.43966,-0.8218,-31.9738,-1.2298,3.4204,-32.7955,0,-1.2298,3.4204,-32.7955,-1.2298,3.4204,0.1757,0.3515,0.0674,0.9826,"{'sand': 0.1481, 'p_sand': 0.2593, 'ripples': 0.0741, 'carbon_mud': 0.0741, 'coal': 0.037, 'mud': 0.4074}","{'sand': 0.2068, 'p_sand': 0.1404, 'ripples': 0.1083, 'carbon_mud': 0.0853, 'coal': 0.1086, 'mud': 0.3506}",11,"litholog1,litholog2,litholog3,litholog4,litholog5,litholog6,litholog7,litholog8,litholog9,litholog11,litholog12"
litholog11,source_derived_benchmarked,True,downstream,True,False,22,21,p_sand,1,0.00862,-4.7536,-34.5425,-1.6449,5.1804,-39.2961,0,-1.6449,5.1804,-39.2961,-1.6449,5.1804,0.1686,0.3373,0.0626,1.1629,"{'sand': 0.1364, 'p_sand': 0.1818, 'ripples': 0.1818, 'carbon_mud': 0.1364, 'coal': 0.0909, 'mud': 0.2727}","{'sand': 0.2057, 'p_sand': 0.1521, 'ripples': 0.0987, 'carbon_mud': 0.0806, 'coal': 0.1026, 'mud': 0.3604}",11,"litholog1,litholog2,litholog3,litholog4,litholog5,litholog6,litholog7,litholog8,litholog9,litholog10,litholog12"
litholog12,digitized_core_log,True,downstream,True,False,63,62,ripples,2,0.00862,-4.7536,-108.0422,-1.7426,5.7123,-112.7958,0,-1.7426,5.7123,-112.7958,-1.7426,5.7123,0.2009,0.4018,0.0903,1.2945,"{'sand': 0.254, 'p_sand': 0.0, 'ripples': 0.127, 'carbon_mud': 0.127, 'coal': 0.1429, 'mud': 0.3492}","{'sand': 0.1866, 'p_sand': 0.1945, 'ripples': 0.1023, 'carbon_mud': 0.0722, 'coal': 0.0888, 'mud': 0.3556}",11,"litholog1,litholog2,litholog3,litholog4,litholog5,litholog6,litholog7,litholog8,litholog9,litholog10,litholog11"
