litholog_id,provenance_category,provenance_description,independent_validation,group,coordinates_available,coordinates_status,num_raw_intervals,min_depth_m,max_depth_m,represented_span_m,continuous_thickness_m,span_thickness_diff_m,has_gaps,has_overlaps,gaps_summary,overlaps_summary,sand_thickness_m,p_sand_thickness_m,ripples_thickness_m,carbon_mud_thickness_m,coal_thickness_m,mud_thickness_m,sand_prop_cont,p_sand_prop_cont,ripples_prop_cont,carbon_mud_prop_cont,coal_prop_cont,mud_prop_cont,ntg_channel,ntg_planar,ntg_net_sand,ntg_coarse,channel_sand_beds_count,channel_sand_mean_bed_thick_m,channel_sand_max_bed_thick_m,planar_sand_beds_count,planar_sand_mean_bed_thick_m,planar_sand_max_bed_thick_m,all_sand_beds_count,all_sand_mean_bed_thick_m,all_sand_max_bed_thick_m,coal_beds_count,coal_mean_bed_thick_m,coal_max_bed_thick_m,discretized_samples_1m,discretized_ntg_net_sand,delta_ntg_net_sand
litholog1,source_derived,Original field section from Sahoo et al. (2016). Source-derived outcrop log.,unknown,unassigned_no_coords,False,No coordinates documented; permanently excluded from spatial modeling.,26,0.0,93.0,93.0,93.0,0.0,False,False,None,None,35.0,0.0,3.0,3.0,7.0,45.0,0.3763,0.0,0.0323,0.0323,0.0753,0.4839,0.3763,0.0,0.3763,0.4086,7,5.0,9.0,0,0.0,0.0,7,5.0,9.0,6,1.167,2.0,93,0.3763,0.0
litholog2,ai_reconstructed,AI-assisted reconstruction from published photomosaics/figures.,unvalidated,upstream,True,Documented in Location_coordinates_lithologs.xlsx (Row 1). CRS/units unverified.,20,0.0,93.0,93.0,93.0,0.0,False,False,None,None,54.0,0.0,4.0,0.0,5.0,30.0,0.5806,0.0,0.043,0.0,0.0538,0.3226,0.5806,0.0,0.5806,0.6237,9,6.0,17.0,0,0.0,0.0,9,6.0,17.0,4,1.25,2.0,93,0.5806,0.0
litholog3,ai_reconstructed,AI-assisted reconstruction from published photomosaics/figures.,unvalidated,upstream,True,Documented in Location_coordinates_lithologs.xlsx (Row 2). CRS/units unverified.,15,0.0,93.0,93.0,93.0,0.0,False,False,None,None,68.0,0.0,5.0,0.0,2.0,18.0,0.7312,0.0,0.0538,0.0,0.0215,0.1935,0.7312,0.0,0.7312,0.7849,8,8.5,11.0,0,0.0,0.0,8,8.5,11.0,2,1.0,1.0,93,0.7312,0.0
litholog4,ai_reconstructed,AI-assisted reconstruction from published photomosaics/figures.,unvalidated,upstream,True,Documented in Location_coordinates_lithologs.xlsx (Row 3). CRS/units unverified.,23,0.0,84.0,84.0,84.0,0.0,False,False,None,None,31.0,6.0,4.0,1.0,2.0,40.0,0.369,0.0714,0.0476,0.0119,0.0238,0.4762,0.369,0.0714,0.4405,0.4881,6,5.167,11.0,6,1.0,1.0,12,3.083,11.0,2,1.0,1.0,84,0.4404,-0.0001
litholog5,ai_reconstructed,AI-assisted reconstruction from published photomosaics/figures.,unvalidated,upstream,True,Documented in Location_coordinates_lithologs.xlsx (Row 4). CRS/units unverified.,24,0.0,84.0,84.0,84.0,0.0,False,False,None,None,33.0,3.0,3.0,1.0,2.0,42.0,0.3929,0.0357,0.0357,0.0119,0.0238,0.5,0.3929,0.0357,0.4286,0.4643,8,4.125,9.0,3,1.0,1.0,11,3.273,9.0,2,1.0,1.0,84,0.4286,0.0
litholog6,ai_reconstructed,AI-assisted reconstruction from published photomosaics/figures.,unvalidated,upstream,True,Documented in Location_coordinates_lithologs.xlsx (Row 5). CRS/units unverified.,23,0.0,84.0,84.0,84.0,0.0,False,False,None,None,33.0,5.0,4.0,0.0,1.0,41.0,0.3929,0.0595,0.0476,0.0,0.0119,0.4881,0.3929,0.0595,0.4524,0.5,7,4.714,8.0,4,1.25,2.0,11,3.455,8.0,1,1.0,1.0,84,0.4524,0.0
litholog7,ai_reconstructed,AI-assisted reconstruction from published photomosaics/figures.,unvalidated,upstream,True,Documented in Location_coordinates_lithologs.xlsx (Row 6). CRS/units unverified.,24,0.0,79.0,79.0,79.0,0.0,False,False,None,None,27.0,5.0,6.0,0.0,0.0,41.0,0.3418,0.0633,0.0759,0.0,0.0,0.519,0.3418,0.0633,0.4051,0.481,9,3.0,5.0,3,1.667,3.0,12,2.667,5.0,0,0.0,0.0,79,0.4051,0.0
litholog8,ai_reconstructed,AI-assisted reconstruction from published photomosaics/figures.,unvalidated,upstream,True,Documented in Location_coordinates_lithologs.xlsx (Row 7). CRS/units unverified.,32,0.0,79.0,79.0,79.0,0.0,False,False,None,None,22.0,14.0,2.0,2.0,0.0,39.0,0.2785,0.1772,0.0253,0.0253,0.0,0.4937,0.2785,0.1772,0.4557,0.481,5,4.4,6.0,11,1.273,4.0,16,2.25,6.0,0,0.0,0.0,79,0.4557,0.0
litholog9,source_derived,Original field section from Sahoo et al. (2016). Source-derived outcrop log.,unknown,downstream,True,Documented in Location_coordinates_lithologs.xlsx (Row 8). CRS/units unverified.,25,0.0,78.0,78.0,77.0,1.0,True,True,18.0-19.0m (1.0m); 51.0-52.0m (1.0m),29.0-28.0m (1.0m),28.0,7.0,15.0,4.0,0.0,23.0,0.3636,0.0909,0.1948,0.0519,0.0,0.2987,0.3636,0.0909,0.4545,0.6494,6,4.667,6.0,5,1.4,2.0,11,3.182,6.0,0,0.0,0.0,78,0.4487,-0.0058
litholog10,ai_reconstructed,AI-assisted reconstruction from published photomosaics/figures.,unvalidated,upstream,True,Documented in Location_coordinates_lithologs.xlsx (Row 9). CRS/units unverified.,29,0.0,77.0,77.0,77.0,0.0,False,False,None,None,21.0,18.0,5.0,2.0,1.0,30.0,0.2727,0.2338,0.0649,0.026,0.013,0.3896,0.2727,0.2338,0.5065,0.5714,6,3.5,6.0,7,2.571,6.0,13,3.0,6.0,1,1.0,1.0,77,0.5065,0.0
litholog11,source_derived_benchmarked,Benchmarked section from Sahoo et al. (2016). 93.59% match against manual extraction.,validated,downstream,True,Documented in Location_coordinates_lithologs.xlsx (Row 10). CRS/units unverified.,24,0.0,78.0,78.0,79.0,-1.0,False,True,None,72.0-71.0m (1.0m),35.0,5.0,18.0,3.0,3.0,15.0,0.443,0.0633,0.2278,0.038,0.038,0.1899,0.443,0.0633,0.5063,0.7342,5,7.0,12.0,4,1.25,2.0,9,4.444,12.0,2,1.5,2.0,78,0.5128,0.0065
litholog12,digitized_core_log,Subsurface core log EM-137C. Manually digitized by user from core-log image. Covers 0-111 m (original length 242 m).,unvalidated,downstream,True,"Documented in Location_coordinates_lithologs.xlsx (Row 11: X=-1119.91, Y=14407.30).",63,0.0,111.0,111.0,111.0,0.0,False,False,None,None,57.7,0.0,9.8,3.6,7.8,32.1,0.5198,0.0,0.0883,0.0324,0.0703,0.2892,0.5198,0.0,0.5198,0.6081,16,3.606,8.5,0,0.0,0.0,16,3.606,8.5,9,0.867,3.1,111,0.5045,-0.0153
