target_litholog_id,nearest_well_id,test_points_count,true_sand_ntg,true_channel_ntg,knn_accuracy,knn_balanced_acc,knn_macro_f1,knn_sand_ntg_error,knn_channel_ntg_error,near_well_accuracy,near_well_balanced_acc,near_well_macro_f1,near_well_sand_ntg_error,prior_accuracy,prior_balanced_acc,prior_macro_f1,prior_sand_ntg_error,support_by_class
litholog2,litholog3,93,0.5806,0.5806,0.6989,0.3602,0.3642,0.172,0.172,0.6989,0.3602,0.3675,0.1505,0.5806,0.25,0.1837,0.4194,"{'Channel Sandstone': 54, 'Planar Sandstone': 0, 'Rippled Heterolithics': 4, 'Carbonaceous Mudstone': 0, 'Coal': 5, 'Overbank Mudstone': 30}"
litholog3,litholog2,93,0.7312,0.7312,0.7419,0.4171,0.3703,0.1075,0.1075,0.6989,0.4024,0.3675,0.1505,0.7312,0.25,0.2112,0.2688,"{'Channel Sandstone': 68, 'Planar Sandstone': 0, 'Rippled Heterolithics': 5, 'Carbonaceous Mudstone': 0, 'Coal': 2, 'Overbank Mudstone': 18}"
litholog4,litholog5,84,0.4405,0.369,0.3929,0.1532,0.1442,0.0357,0.0357,0.369,0.1673,0.1727,0.0119,0.369,0.1667,0.0899,0.5595,"{'Channel Sandstone': 31, 'Planar Sandstone': 6, 'Rippled Heterolithics': 4, 'Carbonaceous Mudstone': 1, 'Coal': 2, 'Overbank Mudstone': 40}"
litholog5,litholog4,84,0.4286,0.3929,0.381,0.1411,0.1375,0.0238,0.0119,0.369,0.1876,0.1727,0.0119,0.3929,0.1667,0.094,0.5714,"{'Channel Sandstone': 33, 'Planar Sandstone': 3, 'Rippled Heterolithics': 3, 'Carbonaceous Mudstone': 1, 'Coal': 2, 'Overbank Mudstone': 42}"
litholog6,litholog7,84,0.4524,0.3929,0.3929,0.1763,0.177,0.1071,0.0833,0.3929,0.1763,0.1786,0.0714,0.3929,0.2,0.1128,0.5476,"{'Channel Sandstone': 33, 'Planar Sandstone': 5, 'Rippled Heterolithics': 4, 'Carbonaceous Mudstone': 0, 'Coal': 1, 'Overbank Mudstone': 41}"
litholog7,litholog8,79,0.4051,0.3418,0.443,0.2482,0.1989,0.0506,0.0633,0.3924,0.2238,0.1898,0.0506,0.3418,0.25,0.1274,0.5949,"{'Channel Sandstone': 27, 'Planar Sandstone': 5, 'Rippled Heterolithics': 6, 'Carbonaceous Mudstone': 0, 'Coal': 0, 'Overbank Mudstone': 41}"
litholog8,litholog7,79,0.4557,0.2785,0.4304,0.2179,0.2025,0.0886,0.0506,0.3924,0.2026,0.1898,0.0506,0.2785,0.2,0.0871,0.5443,"{'Channel Sandstone': 22, 'Planar Sandstone': 14, 'Rippled Heterolithics': 2, 'Carbonaceous Mudstone': 2, 'Coal': 0, 'Overbank Mudstone': 39}"
litholog9,litholog11,78,0.4487,0.3718,0.4487,0.3291,0.2762,0.0897,0.141,0.4103,0.2783,0.2275,0.0641,0.3718,0.2,0.1084,0.5513,"{'Channel Sandstone': 29, 'Planar Sandstone': 6, 'Rippled Heterolithics': 15, 'Carbonaceous Mudstone': 5, 'Coal': 0, 'Overbank Mudstone': 23}"
litholog10,litholog8,77,0.5065,0.2727,0.3377,0.1683,0.1486,0.1429,0.013,0.3896,0.209,0.2042,0.039,0.2727,0.1667,0.0714,0.4935,"{'Channel Sandstone': 21, 'Planar Sandstone': 18, 'Rippled Heterolithics': 5, 'Carbonaceous Mudstone': 2, 'Coal': 1, 'Overbank Mudstone': 30}"
litholog11,litholog9,78,0.5128,0.4487,0.4615,0.2886,0.2813,0.0513,0.0385,0.4103,0.2339,0.2275,0.0641,0.4487,0.1667,0.1032,0.4872,"{'Channel Sandstone': 35, 'Planar Sandstone': 5, 'Rippled Heterolithics': 18, 'Carbonaceous Mudstone': 3, 'Coal': 3, 'Overbank Mudstone': 14}"
litholog12,litholog9,111,0.5045,0.5045,0.4595,0.2381,0.2326,0.1261,0.1261,0.3153,0.229,0.1706,0.1892,0.5045,0.2,0.1341,0.4955,"{'Channel Sandstone': 56, 'Planar Sandstone': 0, 'Rippled Heterolithics': 11, 'Carbonaceous Mudstone': 3, 'Coal': 9, 'Overbank Mudstone': 32}"
