alias_string,mapped_canonical_facies,target_facies_code,raw_occurrences_in_revised_csvs,ambiguity_level,audit_impact_description,recommended_action
sand,sand,0,92,EXACT MATCH (AUTHORITATIVE),Matches authoritative digitized label in data/raw_lithologs/. Raw occurrences: 92 intervals.,Maintain as primary canonical token.
sandstone,sand,0,0,LOW / CONSERVATIVE SYNONYM,Standard descriptive synonym for sand. Raw occurrences in current data: 0.,Retain for robust ingestion of external geological logs.
channel sandstone,sand,0,0,LOW / CONSERVATIVE SYNONYM,Standard descriptive synonym for sand. Raw occurrences in current data: 0.,Retain for robust ingestion of external geological logs.
channel_sandstone,sand,0,0,LOW / CONSERVATIVE SYNONYM,Standard descriptive synonym for sand. Raw occurrences in current data: 0.,Retain for robust ingestion of external geological logs.
c_sand,sand,0,0,LOW / CONSERVATIVE SYNONYM,Standard descriptive synonym for sand. Raw occurrences in current data: 0.,Retain for robust ingestion of external geological logs.
channel_sand,sand,0,0,LOW / CONSERVATIVE SYNONYM,Standard descriptive synonym for sand. Raw occurrences in current data: 0.,Retain for robust ingestion of external geological logs.
facies_1,sand,0,0,LOW / CONSERVATIVE SYNONYM,Standard descriptive synonym for sand. Raw occurrences in current data: 0.,Retain for robust ingestion of external geological logs.
facies 1,sand,0,0,LOW / CONSERVATIVE SYNONYM,Standard descriptive synonym for sand. Raw occurrences in current data: 0.,Retain for robust ingestion of external geological logs.
p_sand,p_sand,1,43,EXACT MATCH (AUTHORITATIVE),Matches authoritative digitized label in data/raw_lithologs/. Raw occurrences: 43 intervals.,Maintain as primary canonical token.
planar_sand,p_sand,1,0,LOW / CONSERVATIVE SYNONYM,Standard descriptive synonym for p_sand. Raw occurrences in current data: 0.,Retain for robust ingestion of external geological logs.
planar_sandstone,p_sand,1,0,LOW / CONSERVATIVE SYNONYM,Standard descriptive synonym for p_sand. Raw occurrences in current data: 0.,Retain for robust ingestion of external geological logs.
planar sand,p_sand,1,0,LOW / CONSERVATIVE SYNONYM,Standard descriptive synonym for p_sand. Raw occurrences in current data: 0.,Retain for robust ingestion of external geological logs.
parallel_sand,p_sand,1,0,LOW / CONSERVATIVE SYNONYM,Standard descriptive synonym for p_sand. Raw occurrences in current data: 0.,Retain for robust ingestion of external geological logs.
parallel_sandstone,p_sand,1,0,LOW / CONSERVATIVE SYNONYM,Standard descriptive synonym for p_sand. Raw occurrences in current data: 0.,Retain for robust ingestion of external geological logs.
facies_2,p_sand,1,0,LOW / CONSERVATIVE SYNONYM,Standard descriptive synonym for p_sand. Raw occurrences in current data: 0.,Retain for robust ingestion of external geological logs.
facies 2,p_sand,1,0,LOW / CONSERVATIVE SYNONYM,Standard descriptive synonym for p_sand. Raw occurrences in current data: 0.,Retain for robust ingestion of external geological logs.
ripples,ripples,2,31,EXACT MATCH (AUTHORITATIVE),Matches authoritative digitized label in data/raw_lithologs/. Raw occurrences: 31 intervals.,Maintain as primary canonical token.
ripple,ripples,2,0,LOW / CONSERVATIVE SYNONYM,Standard descriptive synonym for ripples. Raw occurrences in current data: 0.,Retain for robust ingestion of external geological logs.
rippled_sandstone,ripples,2,0,LOW / CONSERVATIVE SYNONYM,Standard descriptive synonym for ripples. Raw occurrences in current data: 0.,Retain for robust ingestion of external geological logs.
rippled heterolithics,ripples,2,0,LOW / CONSERVATIVE SYNONYM,Standard descriptive synonym for ripples. Raw occurrences in current data: 0.,Retain for robust ingestion of external geological logs.
rippled_siltstone,ripples,2,0,LOW / CONSERVATIVE SYNONYM,Standard descriptive synonym for ripples. Raw occurrences in current data: 0.,Retain for robust ingestion of external geological logs.
heterolithics,ripples,2,0,LOW / CONSERVATIVE SYNONYM,Standard descriptive synonym for ripples. Raw occurrences in current data: 0.,Retain for robust ingestion of external geological logs.
silt,ripples,2,0,HIGH AMBIGUITY,"Coerces generic siltstone into Facies 3 (ripples). Geologically, siltstone can belong to Facies 3 (heterolithics) or Facies 6 (overbank fines). None in current revised data, but present in legacy litholog9.csv and litholog11.csv.",Flag ambiguous label 'siltstone' for manual sedimentological review rather than silent coercion.
siltstone,ripples,2,0,HIGH AMBIGUITY,"Coerces generic siltstone into Facies 3 (ripples). Geologically, siltstone can belong to Facies 3 (heterolithics) or Facies 6 (overbank fines). None in current revised data, but present in legacy litholog9.csv and litholog11.csv.",Flag ambiguous label 'siltstone' for manual sedimentological review rather than silent coercion.
facies_3,ripples,2,0,LOW / CONSERVATIVE SYNONYM,Standard descriptive synonym for ripples. Raw occurrences in current data: 0.,Retain for robust ingestion of external geological logs.
facies 3,ripples,2,0,LOW / CONSERVATIVE SYNONYM,Standard descriptive synonym for ripples. Raw occurrences in current data: 0.,Retain for robust ingestion of external geological logs.
carbon_mud,carbon_mud,3,24,EXACT MATCH (AUTHORITATIVE),Matches authoritative digitized label in data/raw_lithologs/. Raw occurrences: 24 intervals.,Maintain as primary canonical token.
carbonaceous_mud,carbon_mud,3,0,LOW / CONSERVATIVE SYNONYM,Standard descriptive synonym for carbon_mud. Raw occurrences in current data: 0.,Retain for robust ingestion of external geological logs.
carbonaceous mud,carbon_mud,3,0,LOW / CONSERVATIVE SYNONYM,Standard descriptive synonym for carbon_mud. Raw occurrences in current data: 0.,Retain for robust ingestion of external geological logs.
carbonaceous_mudstone,carbon_mud,3,0,LOW / CONSERVATIVE SYNONYM,Standard descriptive synonym for carbon_mud. Raw occurrences in current data: 0.,Retain for robust ingestion of external geological logs.
carbonaceous mudstone,carbon_mud,3,0,LOW / CONSERVATIVE SYNONYM,Standard descriptive synonym for carbon_mud. Raw occurrences in current data: 0.,Retain for robust ingestion of external geological logs.
carbon mud,carbon_mud,3,0,LOW / CONSERVATIVE SYNONYM,Standard descriptive synonym for carbon_mud. Raw occurrences in current data: 0.,Retain for robust ingestion of external geological logs.
fine sandstone / splay,carbon_mud,3,0,CRITICAL DEFECT IN LEGACY MAP,"Mapped to 'carbon_mud' (code 3)! Splay sandstone is coarse sediment (crevasse splay), not organic-rich swamp mudstone. Fortunately, zero occurrences in current revised CSVs (count = 0).",Remove splay -> carbon_mud mapping immediately. Splay sandstones must map to Facies 1/2 or require explicit sub-facies classification.
fine_sandstone,carbon_mud,3,0,CRITICAL DEFECT IN LEGACY MAP,"Mapped to 'carbon_mud' (code 3)! Splay sandstone is coarse sediment (crevasse splay), not organic-rich swamp mudstone. Fortunately, zero occurrences in current revised CSVs (count = 0).",Remove splay -> carbon_mud mapping immediately. Splay sandstones must map to Facies 1/2 or require explicit sub-facies classification.
fine sandstone,carbon_mud,3,0,CRITICAL DEFECT IN LEGACY MAP,"Mapped to 'carbon_mud' (code 3)! Splay sandstone is coarse sediment (crevasse splay), not organic-rich swamp mudstone. Fortunately, zero occurrences in current revised CSVs (count = 0).",Remove splay -> carbon_mud mapping immediately. Splay sandstones must map to Facies 1/2 or require explicit sub-facies classification.
splay,carbon_mud,3,0,CRITICAL DEFECT IN LEGACY MAP,"Mapped to 'carbon_mud' (code 3)! Splay sandstone is coarse sediment (crevasse splay), not organic-rich swamp mudstone. Fortunately, zero occurrences in current revised CSVs (count = 0).",Remove splay -> carbon_mud mapping immediately. Splay sandstones must map to Facies 1/2 or require explicit sub-facies classification.
facies_4,carbon_mud,3,0,LOW / CONSERVATIVE SYNONYM,Standard descriptive synonym for carbon_mud. Raw occurrences in current data: 0.,Retain for robust ingestion of external geological logs.
facies 4,carbon_mud,3,0,LOW / CONSERVATIVE SYNONYM,Standard descriptive synonym for carbon_mud. Raw occurrences in current data: 0.,Retain for robust ingestion of external geological logs.
coal,coal,4,29,EXACT MATCH (AUTHORITATIVE),Matches authoritative digitized label in data/raw_lithologs/. Raw occurrences: 29 intervals.,Maintain as primary canonical token.
facies_5,coal,4,0,LOW / CONSERVATIVE SYNONYM,Standard descriptive synonym for coal. Raw occurrences in current data: 0.,Retain for robust ingestion of external geological logs.
facies 5,coal,4,0,LOW / CONSERVATIVE SYNONYM,Standard descriptive synonym for coal. Raw occurrences in current data: 0.,Retain for robust ingestion of external geological logs.
mud,mud,5,109,EXACT MATCH (AUTHORITATIVE),Matches authoritative digitized label in data/raw_lithologs/. Raw occurrences: 109 intervals.,Maintain as primary canonical token.
mudstone,mud,5,0,LOW / CONSERVATIVE SYNONYM,Standard descriptive synonym for mud. Raw occurrences in current data: 0.,Retain for robust ingestion of external geological logs.
shale,mud,5,0,LOW / CONSERVATIVE SYNONYM,Standard descriptive synonym for mud. Raw occurrences in current data: 0.,Retain for robust ingestion of external geological logs.
overbank mudstone,mud,5,0,LOW / CONSERVATIVE SYNONYM,Standard descriptive synonym for mud. Raw occurrences in current data: 0.,Retain for robust ingestion of external geological logs.
overbank_mudstone,mud,5,0,LOW / CONSERVATIVE SYNONYM,Standard descriptive synonym for mud. Raw occurrences in current data: 0.,Retain for robust ingestion of external geological logs.
facies_6,mud,5,0,LOW / CONSERVATIVE SYNONYM,Standard descriptive synonym for mud. Raw occurrences in current data: 0.,Retain for robust ingestion of external geological logs.
facies 6,mud,5,0,LOW / CONSERVATIVE SYNONYM,Standard descriptive synonym for mud. Raw occurrences in current data: 0.,Retain for robust ingestion of external geological logs.
