nominal_distance_m,window_min_m,window_max_m,window_pair_count,from_facies_code,from_facies_name,to_facies_code,to_facies_name,empirical_probability,fitted_probability,residual_error,is_auto_transition
500.0,250.0,750.0,256,0,Channel Sandstone,0,Channel Sandstone,0.6127,0.3747,-0.238,1
500.0,250.0,750.0,256,0,Channel Sandstone,1,Planar Sandstone,0.0298,0.0173,-0.0125,0
500.0,250.0,750.0,256,0,Channel Sandstone,2,Rippled Heterolithics,0.0426,0.0268,-0.0158,0
500.0,250.0,750.0,256,0,Channel Sandstone,3,Carbonaceous Mudstone,0.0043,0.0073,0.003,0
500.0,250.0,750.0,256,0,Channel Sandstone,4,Coal,0.0298,0.0104,-0.0194,0
500.0,250.0,750.0,256,0,Channel Sandstone,5,Overbank Mudstone,0.2808,0.5635,0.2827,0
500.0,250.0,750.0,256,1,Planar Sandstone,0,Channel Sandstone,0.2498,0.3581,0.1083,0
500.0,250.0,750.0,256,1,Planar Sandstone,1,Planar Sandstone,0.0716,0.017,-0.0546,1
500.0,250.0,750.0,256,1,Planar Sandstone,2,Rippled Heterolithics,0.0004,0.0263,0.0259,0
500.0,250.0,750.0,256,1,Planar Sandstone,3,Carbonaceous Mudstone,0.036,0.0072,-0.0288,0
500.0,250.0,750.0,256,1,Planar Sandstone,4,Coal,0.0004,0.0102,0.0098,0
500.0,250.0,750.0,256,1,Planar Sandstone,5,Overbank Mudstone,0.6418,0.5812,-0.0606,0
500.0,250.0,750.0,256,2,Rippled Heterolithics,0,Channel Sandstone,0.416,0.3615,-0.0545,0
500.0,250.0,750.0,256,2,Rippled Heterolithics,1,Planar Sandstone,0.0004,0.0171,0.0167,0
500.0,250.0,750.0,256,2,Rippled Heterolithics,2,Rippled Heterolithics,0.0004,0.0274,0.027,1
500.0,250.0,750.0,256,2,Rippled Heterolithics,3,Carbonaceous Mudstone,0.0004,0.0072,0.0068,0
500.0,250.0,750.0,256,2,Rippled Heterolithics,4,Coal,0.042,0.0103,-0.0317,0
500.0,250.0,750.0,256,2,Rippled Heterolithics,5,Overbank Mudstone,0.5407,0.5764,0.0357,0
500.0,250.0,750.0,256,3,Carbonaceous Mudstone,0,Channel Sandstone,0.2488,0.3589,0.1101,0
500.0,250.0,750.0,256,3,Carbonaceous Mudstone,1,Planar Sandstone,0.2488,0.017,-0.2318,0
500.0,250.0,750.0,256,3,Carbonaceous Mudstone,2,Rippled Heterolithics,0.0025,0.0263,0.0238,0
500.0,250.0,750.0,256,3,Carbonaceous Mudstone,3,Carbonaceous Mudstone,0.0025,0.0072,0.0047,1
500.0,250.0,750.0,256,3,Carbonaceous Mudstone,4,Coal,0.0025,0.0103,0.0078,0
500.0,250.0,750.0,256,3,Carbonaceous Mudstone,5,Overbank Mudstone,0.4951,0.5803,0.0852,0
500.0,250.0,750.0,256,4,Coal,0,Channel Sandstone,0.6338,0.36,-0.2738,0
500.0,250.0,750.0,256,4,Coal,1,Planar Sandstone,0.0009,0.0171,0.0162,0
500.0,250.0,750.0,256,4,Coal,2,Rippled Heterolithics,0.0913,0.0264,-0.0649,0
500.0,250.0,750.0,256,4,Coal,3,Carbonaceous Mudstone,0.0009,0.0072,0.0063,0
500.0,250.0,750.0,256,4,Coal,4,Coal,0.0009,0.0104,0.0095,1
500.0,250.0,750.0,256,4,Coal,5,Overbank Mudstone,0.2722,0.5789,0.3067,0
500.0,250.0,750.0,256,5,Overbank Mudstone,0,Channel Sandstone,0.3142,0.3343,0.0201,0
500.0,250.0,750.0,256,5,Overbank Mudstone,1,Planar Sandstone,0.0857,0.0166,-0.0691,0
500.0,250.0,750.0,256,5,Overbank Mudstone,2,Rippled Heterolithics,0.0619,0.0253,-0.0366,0
500.0,250.0,750.0,256,5,Overbank Mudstone,3,Carbonaceous Mudstone,0.0096,0.007,-0.0026,0
500.0,250.0,750.0,256,5,Overbank Mudstone,4,Coal,0.0143,0.0099,-0.0044,0
500.0,250.0,750.0,256,5,Overbank Mudstone,5,Overbank Mudstone,0.5142,0.6068,0.0926,1
750.0,500.0,1000.0,413,0,Channel Sandstone,0,Channel Sandstone,0.5761,0.355,-0.2211,1
750.0,500.0,1000.0,413,0,Channel Sandstone,1,Planar Sandstone,0.0388,0.017,-0.0218,0
750.0,500.0,1000.0,413,0,Channel Sandstone,2,Rippled Heterolithics,0.0748,0.0261,-0.0487,0
750.0,500.0,1000.0,413,0,Channel Sandstone,3,Carbonaceous Mudstone,0.0083,0.0071,-0.0012,0
750.0,500.0,1000.0,413,0,Channel Sandstone,4,Coal,0.0222,0.0102,-0.012,0
750.0,500.0,1000.0,413,0,Channel Sandstone,5,Overbank Mudstone,0.2798,0.5845,0.3047,0
750.0,500.0,1000.0,413,1,Planar Sandstone,0,Channel Sandstone,0.2915,0.3517,0.0602,0
750.0,500.0,1000.0,413,1,Planar Sandstone,1,Planar Sandstone,0.0002,0.0169,0.0167,1
750.0,500.0,1000.0,413,1,Planar Sandstone,2,Rippled Heterolithics,0.021,0.026,0.005,0
750.0,500.0,1000.0,413,1,Planar Sandstone,3,Carbonaceous Mudstone,0.0626,0.0071,-0.0555,0
750.0,500.0,1000.0,413,1,Planar Sandstone,4,Coal,0.0002,0.0102,0.01,0
750.0,500.0,1000.0,413,1,Planar Sandstone,5,Overbank Mudstone,0.6244,0.5882,-0.0362,0
750.0,500.0,1000.0,413,2,Rippled Heterolithics,0,Channel Sandstone,0.4089,0.3525,-0.0564,0
750.0,500.0,1000.0,413,2,Rippled Heterolithics,1,Planar Sandstone,0.0153,0.0169,0.0016,0
750.0,500.0,1000.0,413,2,Rippled Heterolithics,2,Rippled Heterolithics,0.2121,0.0261,-0.186,1
750.0,500.0,1000.0,413,2,Rippled Heterolithics,3,Carbonaceous Mudstone,0.0304,0.0071,-0.0233,0
750.0,500.0,1000.0,413,2,Rippled Heterolithics,4,Coal,0.0304,0.0102,-0.0202,0
750.0,500.0,1000.0,413,2,Rippled Heterolithics,5,Overbank Mudstone,0.3029,0.5872,0.2843,0
750.0,500.0,1000.0,413,3,Carbonaceous Mudstone,0,Channel Sandstone,0.2722,0.3518,0.0796,0
750.0,500.0,1000.0,413,3,Carbonaceous Mudstone,1,Planar Sandstone,0.2722,0.0169,-0.2553,0
750.0,500.0,1000.0,413,3,Carbonaceous Mudstone,2,Rippled Heterolithics,0.1817,0.026,-0.1557,0
750.0,500.0,1000.0,413,3,Carbonaceous Mudstone,3,Carbonaceous Mudstone,0.0009,0.0071,0.0062,1
750.0,500.0,1000.0,413,3,Carbonaceous Mudstone,4,Coal,0.0009,0.0102,0.0093,0
750.0,500.0,1000.0,413,3,Carbonaceous Mudstone,5,Overbank Mudstone,0.2722,0.588,0.3158,0
750.0,500.0,1000.0,413,4,Coal,0,Channel Sandstone,0.5697,0.3521,-0.2176,0
750.0,500.0,1000.0,413,4,Coal,1,Planar Sandstone,0.0007,0.0169,0.0162,0
750.0,500.0,1000.0,413,4,Coal,2,Rippled Heterolithics,0.143,0.026,-0.117,0
750.0,500.0,1000.0,413,4,Coal,3,Carbonaceous Mudstone,0.0007,0.0071,0.0064,0
750.0,500.0,1000.0,413,4,Coal,4,Coal,0.0007,0.0102,0.0095,1
750.0,500.0,1000.0,413,4,Coal,5,Overbank Mudstone,0.2852,0.5877,0.3025,0
750.0,500.0,1000.0,413,5,Overbank Mudstone,0,Channel Sandstone,0.3098,0.3468,0.037,0
750.0,500.0,1000.0,413,5,Overbank Mudstone,1,Planar Sandstone,0.092,0.0168,-0.0752,0
750.0,500.0,1000.0,413,5,Overbank Mudstone,2,Rippled Heterolithics,0.0614,0.0258,-0.0356,0
750.0,500.0,1000.0,413,5,Overbank Mudstone,3,Carbonaceous Mudstone,0.0092,0.0071,-0.0021,0
750.0,500.0,1000.0,413,5,Overbank Mudstone,4,Coal,0.0123,0.0101,-0.0022,0
750.0,500.0,1000.0,413,5,Overbank Mudstone,5,Overbank Mudstone,0.5153,0.5934,0.0781,1
1000.0,750.0,1250.0,563,0,Channel Sandstone,0,Channel Sandstone,0.4298,0.351,-0.0788,1
1000.0,750.0,1250.0,563,0,Channel Sandstone,1,Planar Sandstone,0.0611,0.0169,-0.0442,0
1000.0,750.0,1250.0,563,0,Channel Sandstone,2,Rippled Heterolithics,0.0882,0.026,-0.0622,0
1000.0,750.0,1250.0,563,0,Channel Sandstone,3,Carbonaceous Mudstone,0.0136,0.0071,-0.0065,0
1000.0,750.0,1250.0,563,0,Channel Sandstone,4,Coal,0.0204,0.0101,-0.0103,0
1000.0,750.0,1250.0,563,0,Channel Sandstone,5,Overbank Mudstone,0.3868,0.5888,0.202,0
1000.0,750.0,1250.0,563,1,Planar Sandstone,0,Channel Sandstone,0.2646,0.3503,0.0857,0
1000.0,750.0,1250.0,563,1,Planar Sandstone,1,Planar Sandstone,0.1373,0.0169,-0.1204,1
1000.0,750.0,1250.0,563,1,Planar Sandstone,2,Rippled Heterolithics,0.0785,0.0259,-0.0526,0
1000.0,750.0,1250.0,563,1,Planar Sandstone,3,Carbonaceous Mudstone,0.0589,0.0071,-0.0518,0
1000.0,750.0,1250.0,563,1,Planar Sandstone,4,Coal,0.0001,0.0101,0.01,0
1000.0,750.0,1250.0,563,1,Planar Sandstone,5,Overbank Mudstone,0.4606,0.5896,0.129,0
1000.0,750.0,1250.0,563,2,Rippled Heterolithics,0,Channel Sandstone,0.4192,0.3505,-0.0687,0
1000.0,750.0,1250.0,563,2,Rippled Heterolithics,1,Planar Sandstone,0.0861,0.0169,-0.0692,0
1000.0,750.0,1250.0,563,2,Rippled Heterolithics,2,Rippled Heterolithics,0.172,0.026,-0.146,1
1000.0,750.0,1250.0,563,2,Rippled Heterolithics,3,Carbonaceous Mudstone,0.0431,0.0071,-0.036,0
1000.0,750.0,1250.0,563,2,Rippled Heterolithics,4,Coal,0.0216,0.0101,-0.0115,0
1000.0,750.0,1250.0,563,2,Rippled Heterolithics,5,Overbank Mudstone,0.258,0.5894,0.3314,0
1000.0,750.0,1250.0,563,3,Carbonaceous Mudstone,0,Channel Sandstone,0.2724,0.3504,0.078,0
1000.0,750.0,1250.0,563,3,Carbonaceous Mudstone,1,Planar Sandstone,0.2724,0.0169,-0.2555,0
1000.0,750.0,1250.0,563,3,Carbonaceous Mudstone,2,Rippled Heterolithics,0.1818,0.0259,-0.1559,0
1000.0,750.0,1250.0,563,3,Carbonaceous Mudstone,3,Carbonaceous Mudstone,0.0005,0.0071,0.0066,1
1000.0,750.0,1250.0,563,3,Carbonaceous Mudstone,4,Coal,0.0005,0.0101,0.0096,0
1000.0,750.0,1250.0,563,3,Carbonaceous Mudstone,5,Overbank Mudstone,0.2724,0.5895,0.3171,0
1000.0,750.0,1250.0,563,4,Coal,0,Channel Sandstone,0.5983,0.3504,-0.2479,0
1000.0,750.0,1250.0,563,4,Coal,1,Planar Sandstone,0.0007,0.0169,0.0162,0
1000.0,750.0,1250.0,563,4,Coal,2,Rippled Heterolithics,0.1335,0.026,-0.1075,0
1000.0,750.0,1250.0,563,4,Coal,3,Carbonaceous Mudstone,0.0007,0.0071,0.0064,0
1000.0,750.0,1250.0,563,4,Coal,4,Coal,0.0007,0.0101,0.0094,1
1000.0,750.0,1250.0,563,4,Coal,5,Overbank Mudstone,0.2663,0.5895,0.3232,0
1000.0,750.0,1250.0,563,5,Overbank Mudstone,0,Channel Sandstone,0.3783,0.3493,-0.029,0
1000.0,750.0,1250.0,563,5,Overbank Mudstone,1,Planar Sandstone,0.104,0.0169,-0.0871,0
1000.0,750.0,1250.0,563,5,Overbank Mudstone,2,Rippled Heterolithics,0.0531,0.0259,-0.0272,0
1000.0,750.0,1250.0,563,5,Overbank Mudstone,3,Carbonaceous Mudstone,0.0133,0.0071,-0.0062,0
1000.0,750.0,1250.0,563,5,Overbank Mudstone,4,Coal,0.0089,0.0101,0.0012,0
1000.0,750.0,1250.0,563,5,Overbank Mudstone,5,Overbank Mudstone,0.4424,0.5907,0.1483,1
1500.0,1250.0,1750.0,480,0,Channel Sandstone,0,Channel Sandstone,0.396,0.35,-0.046,1
1500.0,1250.0,1750.0,480,0,Channel Sandstone,1,Planar Sandstone,0.0952,0.0169,-0.0783,0
1500.0,1250.0,1750.0,480,0,Channel Sandstone,2,Rippled Heterolithics,0.0602,0.0259,-0.0343,0
1500.0,1250.0,1750.0,480,0,Channel Sandstone,3,Carbonaceous Mudstone,0.0126,0.0071,-0.0055,0
1500.0,1250.0,1750.0,480,0,Channel Sandstone,4,Coal,0.0226,0.0101,-0.0125,0
1500.0,1250.0,1750.0,480,0,Channel Sandstone,5,Overbank Mudstone,0.4135,0.5899,0.1764,0
1500.0,1250.0,1750.0,480,1,Planar Sandstone,0,Channel Sandstone,0.4632,0.35,-0.1132,0
1500.0,1250.0,1750.0,480,1,Planar Sandstone,1,Planar Sandstone,0.0245,0.0169,-0.0076,1
1500.0,1250.0,1750.0,480,1,Planar Sandstone,2,Rippled Heterolithics,0.0732,0.0259,-0.0473,0
1500.0,1250.0,1750.0,480,1,Planar Sandstone,3,Carbonaceous Mudstone,0.0245,0.0071,-0.0174,0
1500.0,1250.0,1750.0,480,1,Planar Sandstone,4,Coal,0.0001,0.0101,0.01,0
1500.0,1250.0,1750.0,480,1,Planar Sandstone,5,Overbank Mudstone,0.4145,0.5899,0.1754,0
1500.0,1250.0,1750.0,480,2,Rippled Heterolithics,0,Channel Sandstone,0.3748,0.35,-0.0248,0
1500.0,1250.0,1750.0,480,2,Rippled Heterolithics,1,Planar Sandstone,0.0938,0.0169,-0.0769,0
1500.0,1250.0,1750.0,480,2,Rippled Heterolithics,2,Rippled Heterolithics,0.0938,0.0259,-0.0679,1
1500.0,1250.0,1750.0,480,2,Rippled Heterolithics,3,Carbonaceous Mudstone,0.0002,0.0071,0.0069,0
1500.0,1250.0,1750.0,480,2,Rippled Heterolithics,4,Coal,0.0002,0.0101,0.0099,0
1500.0,1250.0,1750.0,480,2,Rippled Heterolithics,5,Overbank Mudstone,0.4372,0.5899,0.1527,0
1500.0,1250.0,1750.0,480,3,Carbonaceous Mudstone,0,Channel Sandstone,0.4154,0.35,-0.0654,0
1500.0,1250.0,1750.0,480,3,Carbonaceous Mudstone,1,Planar Sandstone,0.1667,0.0169,-0.1498,0
1500.0,1250.0,1750.0,480,3,Carbonaceous Mudstone,2,Rippled Heterolithics,0.0008,0.0259,0.0251,0
1500.0,1250.0,1750.0,480,3,Carbonaceous Mudstone,3,Carbonaceous Mudstone,0.1667,0.0071,-0.1596,1
1500.0,1250.0,1750.0,480,3,Carbonaceous Mudstone,4,Coal,0.0008,0.0101,0.0093,0
1500.0,1250.0,1750.0,480,3,Carbonaceous Mudstone,5,Overbank Mudstone,0.2496,0.5899,0.3403,0
1500.0,1250.0,1750.0,480,4,Coal,0,Channel Sandstone,0.5983,0.35,-0.2483,0
1500.0,1250.0,1750.0,480,4,Coal,1,Planar Sandstone,0.0007,0.0169,0.0162,0
1500.0,1250.0,1750.0,480,4,Coal,2,Rippled Heterolithics,0.0007,0.0259,0.0252,0
1500.0,1250.0,1750.0,480,4,Coal,3,Carbonaceous Mudstone,0.0007,0.0071,0.0064,0
1500.0,1250.0,1750.0,480,4,Coal,4,Coal,0.0007,0.0101,0.0094,1
1500.0,1250.0,1750.0,480,4,Coal,5,Overbank Mudstone,0.3991,0.5899,0.1908,0
1500.0,1250.0,1750.0,480,5,Overbank Mudstone,0,Channel Sandstone,0.4252,0.35,-0.0752,0
1500.0,1250.0,1750.0,480,5,Overbank Mudstone,1,Planar Sandstone,0.0876,0.0169,-0.0707,0
1500.0,1250.0,1750.0,480,5,Overbank Mudstone,2,Rippled Heterolithics,0.0722,0.0259,-0.0463,0
1500.0,1250.0,1750.0,480,5,Overbank Mudstone,3,Carbonaceous Mudstone,0.0078,0.0071,-0.0007,0
1500.0,1250.0,1750.0,480,5,Overbank Mudstone,4,Coal,0.0155,0.0101,-0.0054,0
1500.0,1250.0,1750.0,480,5,Overbank Mudstone,5,Overbank Mudstone,0.3917,0.59,0.1983,1
2000.0,1750.0,2250.0,483,0,Channel Sandstone,0,Channel Sandstone,0.4511,0.35,-0.1011,1
2000.0,1750.0,2250.0,483,0,Channel Sandstone,1,Planar Sandstone,0.0627,0.0169,-0.0458,0
2000.0,1750.0,2250.0,483,0,Channel Sandstone,2,Rippled Heterolithics,0.0602,0.0259,-0.0343,0
2000.0,1750.0,2250.0,483,0,Channel Sandstone,3,Carbonaceous Mudstone,0.0075,0.0071,-0.0004,0
2000.0,1750.0,2250.0,483,0,Channel Sandstone,4,Coal,0.0151,0.0101,-0.005,0
2000.0,1750.0,2250.0,483,0,Channel Sandstone,5,Overbank Mudstone,0.4035,0.59,0.1865,0
2000.0,1750.0,2250.0,483,1,Planar Sandstone,0,Channel Sandstone,0.3377,0.35,0.0123,0
2000.0,1750.0,2250.0,483,1,Planar Sandstone,1,Planar Sandstone,0.1352,0.0169,-0.1183,1
2000.0,1750.0,2250.0,483,1,Planar Sandstone,2,Rippled Heterolithics,0.0541,0.0259,-0.0282,0
2000.0,1750.0,2250.0,483,1,Planar Sandstone,3,Carbonaceous Mudstone,0.0676,0.0071,-0.0605,0
2000.0,1750.0,2250.0,483,1,Planar Sandstone,4,Coal,0.0136,0.0101,-0.0035,0
2000.0,1750.0,2250.0,483,1,Planar Sandstone,5,Overbank Mudstone,0.3917,0.59,0.1983,0
2000.0,1750.0,2250.0,483,2,Rippled Heterolithics,0,Channel Sandstone,0.4441,0.35,-0.0941,0
2000.0,1750.0,2250.0,483,2,Rippled Heterolithics,1,Planar Sandstone,0.0742,0.0169,-0.0573,0
2000.0,1750.0,2250.0,483,2,Rippled Heterolithics,2,Rippled Heterolithics,0.0002,0.0259,0.0257,1
2000.0,1750.0,2250.0,483,2,Rippled Heterolithics,3,Carbonaceous Mudstone,0.0002,0.0071,0.0069,0
2000.0,1750.0,2250.0,483,2,Rippled Heterolithics,4,Coal,0.0002,0.0101,0.0099,0
2000.0,1750.0,2250.0,483,2,Rippled Heterolithics,5,Overbank Mudstone,0.4811,0.59,0.1089,0
2000.0,1750.0,2250.0,483,3,Carbonaceous Mudstone,0,Channel Sandstone,0.1999,0.35,0.1501,0
2000.0,1750.0,2250.0,483,3,Carbonaceous Mudstone,1,Planar Sandstone,0.3327,0.0169,-0.3158,0
2000.0,1750.0,2250.0,483,3,Carbonaceous Mudstone,2,Rippled Heterolithics,0.0007,0.0259,0.0252,0
2000.0,1750.0,2250.0,483,3,Carbonaceous Mudstone,3,Carbonaceous Mudstone,0.0007,0.0071,0.0064,1
2000.0,1750.0,2250.0,483,3,Carbonaceous Mudstone,4,Coal,0.0007,0.0101,0.0094,0
2000.0,1750.0,2250.0,483,3,Carbonaceous Mudstone,5,Overbank Mudstone,0.4655,0.59,0.1245,0
2000.0,1750.0,2250.0,483,4,Coal,0,Channel Sandstone,0.4983,0.35,-0.1483,0
2000.0,1750.0,2250.0,483,4,Coal,1,Planar Sandstone,0.0837,0.0169,-0.0668,0
2000.0,1750.0,2250.0,483,4,Coal,2,Rippled Heterolithics,0.0008,0.0259,0.0251,0
2000.0,1750.0,2250.0,483,4,Coal,3,Carbonaceous Mudstone,0.0008,0.0071,0.0063,0
2000.0,1750.0,2250.0,483,4,Coal,4,Coal,0.1667,0.0101,-0.1566,1
2000.0,1750.0,2250.0,483,4,Coal,5,Overbank Mudstone,0.2496,0.59,0.3404,0
2000.0,1750.0,2250.0,483,5,Overbank Mudstone,0,Channel Sandstone,0.3907,0.35,-0.0407,0
2000.0,1750.0,2250.0,483,5,Overbank Mudstone,1,Planar Sandstone,0.0704,0.0169,-0.0535,0
2000.0,1750.0,2250.0,483,5,Overbank Mudstone,2,Rippled Heterolithics,0.0631,0.0259,-0.0372,0
2000.0,1750.0,2250.0,483,5,Overbank Mudstone,3,Carbonaceous Mudstone,0.017,0.0071,-0.0099,0
2000.0,1750.0,2250.0,483,5,Overbank Mudstone,4,Coal,0.0073,0.0101,0.0028,0
2000.0,1750.0,2250.0,483,5,Overbank Mudstone,5,Overbank Mudstone,0.4514,0.59,0.1386,1
3000.0,2750.0,3250.0,724,0,Channel Sandstone,0,Channel Sandstone,0.4545,0.35,-0.1045,1
3000.0,2750.0,3250.0,724,0,Channel Sandstone,1,Planar Sandstone,0.0576,0.0169,-0.0407,0
3000.0,2750.0,3250.0,724,0,Channel Sandstone,2,Rippled Heterolithics,0.0849,0.0259,-0.059,0
3000.0,2750.0,3250.0,724,0,Channel Sandstone,3,Carbonaceous Mudstone,0.0243,0.0071,-0.0172,0
3000.0,2750.0,3250.0,724,0,Channel Sandstone,4,Coal,0.0243,0.0101,-0.0142,0
3000.0,2750.0,3250.0,724,0,Channel Sandstone,5,Overbank Mudstone,0.3545,0.59,0.2355,0
3000.0,2750.0,3250.0,724,1,Planar Sandstone,0,Channel Sandstone,0.4469,0.35,-0.0969,0
3000.0,2750.0,3250.0,724,1,Planar Sandstone,1,Planar Sandstone,0.0001,0.0169,0.0168,1
3000.0,2750.0,3250.0,724,1,Planar Sandstone,2,Rippled Heterolithics,0.153,0.0259,-0.1271,0
3000.0,2750.0,3250.0,724,1,Planar Sandstone,3,Carbonaceous Mudstone,0.0119,0.0071,-0.0048,0
3000.0,2750.0,3250.0,724,1,Planar Sandstone,4,Coal,0.0589,0.0101,-0.0488,0
3000.0,2750.0,3250.0,724,1,Planar Sandstone,5,Overbank Mudstone,0.3293,0.59,0.2607,0
3000.0,2750.0,3250.0,724,2,Rippled Heterolithics,0,Channel Sandstone,0.4147,0.35,-0.0647,0
3000.0,2750.0,3250.0,724,2,Rippled Heterolithics,1,Planar Sandstone,0.0963,0.0169,-0.0794,0
3000.0,2750.0,3250.0,724,2,Rippled Heterolithics,2,Rippled Heterolithics,0.0297,0.0259,-0.0038,1
3000.0,2750.0,3250.0,724,2,Rippled Heterolithics,3,Carbonaceous Mudstone,0.0075,0.0071,-0.0004,0
3000.0,2750.0,3250.0,724,2,Rippled Heterolithics,4,Coal,0.0371,0.0101,-0.027,0
3000.0,2750.0,3250.0,724,2,Rippled Heterolithics,5,Overbank Mudstone,0.4147,0.59,0.1753,0
3000.0,2750.0,3250.0,724,3,Carbonaceous Mudstone,0,Channel Sandstone,0.5326,0.35,-0.1826,0
3000.0,2750.0,3250.0,724,3,Carbonaceous Mudstone,1,Planar Sandstone,0.0336,0.0169,-0.0167,0
3000.0,2750.0,3250.0,724,3,Carbonaceous Mudstone,2,Rippled Heterolithics,0.0336,0.0259,-0.0077,0
3000.0,2750.0,3250.0,724,3,Carbonaceous Mudstone,3,Carbonaceous Mudstone,0.0003,0.0071,0.0068,1
3000.0,2750.0,3250.0,724,3,Carbonaceous Mudstone,4,Coal,0.0336,0.0101,-0.0235,0
3000.0,2750.0,3250.0,724,3,Carbonaceous Mudstone,5,Overbank Mudstone,0.3663,0.59,0.2237,0
3000.0,2750.0,3250.0,724,4,Coal,0,Channel Sandstone,0.3899,0.35,-0.0399,0
3000.0,2750.0,3250.0,724,4,Coal,1,Planar Sandstone,0.122,0.0169,-0.1051,0
3000.0,2750.0,3250.0,724,4,Coal,2,Rippled Heterolithics,0.122,0.0259,-0.0961,0
3000.0,2750.0,3250.0,724,4,Coal,3,Carbonaceous Mudstone,0.0246,0.0071,-0.0175,0
3000.0,2750.0,3250.0,724,4,Coal,4,Coal,0.0002,0.0101,0.0099,1
3000.0,2750.0,3250.0,724,4,Coal,5,Overbank Mudstone,0.3412,0.59,0.2488,0
3000.0,2750.0,3250.0,724,5,Overbank Mudstone,0,Channel Sandstone,0.4708,0.35,-0.1208,0
3000.0,2750.0,3250.0,724,5,Overbank Mudstone,1,Planar Sandstone,0.0564,0.0169,-0.0395,0
3000.0,2750.0,3250.0,724,5,Overbank Mudstone,2,Rippled Heterolithics,0.1127,0.0259,-0.0868,0
3000.0,2750.0,3250.0,724,5,Overbank Mudstone,3,Carbonaceous Mudstone,0.0222,0.0071,-0.0151,0
3000.0,2750.0,3250.0,724,5,Overbank Mudstone,4,Coal,0.0282,0.0101,-0.0181,0
3000.0,2750.0,3250.0,724,5,Overbank Mudstone,5,Overbank Mudstone,0.3098,0.59,0.2802,1
4000.0,3750.0,4250.0,391,0,Channel Sandstone,0,Channel Sandstone,0.3691,0.35,-0.0191,1
4000.0,3750.0,4250.0,391,0,Channel Sandstone,1,Planar Sandstone,0.1102,0.0169,-0.0933,0
4000.0,3750.0,4250.0,391,0,Channel Sandstone,2,Rippled Heterolithics,0.0937,0.0259,-0.0678,0
4000.0,3750.0,4250.0,391,0,Channel Sandstone,3,Carbonaceous Mudstone,0.0221,0.0071,-0.015,0
4000.0,3750.0,4250.0,391,0,Channel Sandstone,4,Coal,0.0166,0.0101,-0.0065,0
4000.0,3750.0,4250.0,391,0,Channel Sandstone,5,Overbank Mudstone,0.3884,0.59,0.2016,0
4000.0,3750.0,4250.0,391,1,Planar Sandstone,0,Channel Sandstone,0.7541,0.35,-0.4041,0
4000.0,3750.0,4250.0,391,1,Planar Sandstone,1,Planar Sandstone,0.0379,0.0169,-0.021,1
4000.0,3750.0,4250.0,391,1,Planar Sandstone,2,Rippled Heterolithics,0.019,0.0259,0.0069,0
4000.0,3750.0,4250.0,391,1,Planar Sandstone,3,Carbonaceous Mudstone,0.0002,0.0071,0.0069,0
4000.0,3750.0,4250.0,391,1,Planar Sandstone,4,Coal,0.0379,0.0101,-0.0278,0
4000.0,3750.0,4250.0,391,1,Planar Sandstone,5,Overbank Mudstone,0.151,0.59,0.439,0
4000.0,3750.0,4250.0,391,2,Rippled Heterolithics,0,Channel Sandstone,0.4925,0.35,-0.1425,0
4000.0,3750.0,4250.0,391,2,Rippled Heterolithics,1,Planar Sandstone,0.0146,0.0169,0.0023,0
4000.0,3750.0,4250.0,391,2,Rippled Heterolithics,2,Rippled Heterolithics,0.1739,0.0259,-0.148,1
4000.0,3750.0,4250.0,391,2,Rippled Heterolithics,3,Carbonaceous Mudstone,0.0001,0.0071,0.007,0
4000.0,3750.0,4250.0,391,2,Rippled Heterolithics,4,Coal,0.0146,0.0101,-0.0045,0
4000.0,3750.0,4250.0,391,2,Rippled Heterolithics,5,Overbank Mudstone,0.3042,0.59,0.2858,0
4000.0,3750.0,4250.0,391,3,Carbonaceous Mudstone,0,Channel Sandstone,0.5319,0.35,-0.1819,0
4000.0,3750.0,4250.0,391,3,Carbonaceous Mudstone,1,Planar Sandstone,0.0007,0.0169,0.0162,0
4000.0,3750.0,4250.0,391,3,Carbonaceous Mudstone,2,Rippled Heterolithics,0.0007,0.0259,0.0252,0
4000.0,3750.0,4250.0,391,3,Carbonaceous Mudstone,3,Carbonaceous Mudstone,0.0007,0.0071,0.0064,1
4000.0,3750.0,4250.0,391,3,Carbonaceous Mudstone,4,Coal,0.0671,0.0101,-0.057,0
4000.0,3750.0,4250.0,391,3,Carbonaceous Mudstone,5,Overbank Mudstone,0.3991,0.59,0.1909,0
4000.0,3750.0,4250.0,391,4,Coal,0,Channel Sandstone,0.2996,0.35,0.0504,0
4000.0,3750.0,4250.0,391,4,Coal,1,Planar Sandstone,0.1002,0.0169,-0.0833,0
4000.0,3750.0,4250.0,391,4,Coal,2,Rippled Heterolithics,0.0503,0.0259,-0.0244,0
4000.0,3750.0,4250.0,391,4,Coal,3,Carbonaceous Mudstone,0.0503,0.0071,-0.0432,0
4000.0,3750.0,4250.0,391,4,Coal,4,Coal,0.0005,0.0101,0.0096,1
4000.0,3750.0,4250.0,391,4,Coal,5,Overbank Mudstone,0.499,0.59,0.091,0
4000.0,3750.0,4250.0,391,5,Overbank Mudstone,0,Channel Sandstone,0.5381,0.35,-0.1881,0
4000.0,3750.0,4250.0,391,5,Overbank Mudstone,1,Planar Sandstone,0.0306,0.0169,-0.0137,0
4000.0,3750.0,4250.0,391,5,Overbank Mudstone,2,Rippled Heterolithics,0.0802,0.0259,-0.0543,0
4000.0,3750.0,4250.0,391,5,Overbank Mudstone,3,Carbonaceous Mudstone,0.0229,0.0071,-0.0158,0
4000.0,3750.0,4250.0,391,5,Overbank Mudstone,4,Coal,0.0382,0.0101,-0.0281,0
4000.0,3750.0,4250.0,391,5,Overbank Mudstone,5,Overbank Mudstone,0.29,0.59,0.3,1
5000.0,4750.0,5250.0,78,0,Channel Sandstone,0,Channel Sandstone,0.4998,0.35,-0.1498,1
5000.0,4750.0,5250.0,78,0,Channel Sandstone,1,Planar Sandstone,0.0358,0.0169,-0.0189,0
5000.0,4750.0,5250.0,78,0,Channel Sandstone,2,Rippled Heterolithics,0.1667,0.0259,-0.1408,0
5000.0,4750.0,5250.0,78,0,Channel Sandstone,3,Carbonaceous Mudstone,0.012,0.0071,-0.0049,0
5000.0,4750.0,5250.0,78,0,Channel Sandstone,4,Coal,0.0358,0.0101,-0.0257,0
5000.0,4750.0,5250.0,78,0,Channel Sandstone,5,Overbank Mudstone,0.2499,0.59,0.3401,0
5000.0,4750.0,5250.0,78,1,Planar Sandstone,0,Channel Sandstone,0.5949,0.35,-0.2449,0
5000.0,4750.0,5250.0,78,1,Planar Sandstone,1,Planar Sandstone,0.002,0.0169,0.0149,1
5000.0,4750.0,5250.0,78,1,Planar Sandstone,2,Rippled Heterolithics,0.002,0.0259,0.0239,0
5000.0,4750.0,5250.0,78,1,Planar Sandstone,3,Carbonaceous Mudstone,0.002,0.0071,0.0051,0
5000.0,4750.0,5250.0,78,1,Planar Sandstone,4,Coal,0.1996,0.0101,-0.1895,0
5000.0,4750.0,5250.0,78,1,Planar Sandstone,5,Overbank Mudstone,0.1996,0.59,0.3904,0
5000.0,4750.0,5250.0,78,2,Rippled Heterolithics,0,Channel Sandstone,0.6351,0.35,-0.2851,0
5000.0,4750.0,5250.0,78,2,Rippled Heterolithics,1,Planar Sandstone,0.0005,0.0169,0.0164,0
5000.0,4750.0,5250.0,78,2,Rippled Heterolithics,2,Rippled Heterolithics,0.1818,0.0259,-0.1559,1
5000.0,4750.0,5250.0,78,2,Rippled Heterolithics,3,Carbonaceous Mudstone,0.0458,0.0071,-0.0387,0
5000.0,4750.0,5250.0,78,2,Rippled Heterolithics,4,Coal,0.0005,0.0101,0.0096,0
5000.0,4750.0,5250.0,78,2,Rippled Heterolithics,5,Overbank Mudstone,0.1364,0.59,0.4536,0
5000.0,4750.0,5250.0,78,3,Carbonaceous Mudstone,0,Channel Sandstone,0.3301,0.35,0.0199,0
5000.0,4750.0,5250.0,78,3,Carbonaceous Mudstone,1,Planar Sandstone,0.0033,0.0169,0.0136,0
5000.0,4750.0,5250.0,78,3,Carbonaceous Mudstone,2,Rippled Heterolithics,0.3301,0.0259,-0.3042,0
5000.0,4750.0,5250.0,78,3,Carbonaceous Mudstone,3,Carbonaceous Mudstone,0.0033,0.0071,0.0038,1
5000.0,4750.0,5250.0,78,3,Carbonaceous Mudstone,4,Coal,0.0033,0.0101,0.0068,0
5000.0,4750.0,5250.0,78,3,Carbonaceous Mudstone,5,Overbank Mudstone,0.3301,0.59,0.2599,0
5000.0,4750.0,5250.0,78,4,Coal,0,Channel Sandstone,0.4967,0.35,-0.1467,0
5000.0,4750.0,5250.0,78,4,Coal,1,Planar Sandstone,0.1667,0.0169,-0.1498,0
5000.0,4750.0,5250.0,78,4,Coal,2,Rippled Heterolithics,0.0017,0.0259,0.0242,0
5000.0,4750.0,5250.0,78,4,Coal,3,Carbonaceous Mudstone,0.0017,0.0071,0.0054,0
5000.0,4750.0,5250.0,78,4,Coal,4,Coal,0.0017,0.0101,0.0084,1
5000.0,4750.0,5250.0,78,4,Coal,5,Overbank Mudstone,0.3317,0.59,0.2583,0
5000.0,4750.0,5250.0,78,5,Overbank Mudstone,0,Channel Sandstone,0.5826,0.35,-0.2326,0
5000.0,4750.0,5250.0,78,5,Overbank Mudstone,1,Planar Sandstone,0.028,0.0169,-0.0111,0
5000.0,4750.0,5250.0,78,5,Overbank Mudstone,2,Rippled Heterolithics,0.0835,0.0259,-0.0576,0
5000.0,4750.0,5250.0,78,5,Overbank Mudstone,3,Carbonaceous Mudstone,0.028,0.0071,-0.0209,0
5000.0,4750.0,5250.0,78,5,Overbank Mudstone,4,Coal,0.0557,0.0101,-0.0456,0
5000.0,4750.0,5250.0,78,5,Overbank Mudstone,5,Overbank Mudstone,0.2221,0.59,0.3679,1
